> Task :expo-gradle-plugin:expo-autolinking-settings-plugin:checkKotlinGradlePluginConfigurationErrors SKIPPED
> Task :gradle-plugin:shared:checkKotlinGradlePluginConfigurationErrors SKIPPED
> Task :expo-gradle-plugin:expo-autolinking-plugin-shared:checkKotlinGradlePluginConfigurationErrors SKIPPED
> Task :gradle-plugin:settings-plugin:checkKotlinGradlePluginConfigurationErrors SKIPPED
> Task :gradle-plugin:settings-plugin:pluginDescriptors UP-TO-DATE
> Task :expo-gradle-plugin:expo-autolinking-settings-plugin:pluginDescriptors UP-TO-DATE
> Task :gradle-plugin:settings-plugin:processResources UP-TO-DATE
> Task :expo-gradle-plugin:expo-autolinking-settings-plugin:processResources UP-TO-DATE
> Task :gradle-plugin:shared:compileKotlin UP-TO-DATE
> Task :gradle-plugin:shared:compileJava NO-SOURCE
> Task :expo-gradle-plugin:expo-autolinking-plugin-shared:compileKotlin UP-TO-DATE
> Task :gradle-plugin:shared:processResources NO-SOURCE
> Task :gradle-plugin:shared:classes UP-TO-DATE
> Task :expo-gradle-plugin:expo-autolinking-plugin-shared:compileJava NO-SOURCE
> Task :expo-gradle-plugin:expo-autolinking-plugin-shared:processResources NO-SOURCE
> Task :expo-gradle-plugin:expo-autolinking-plugin-shared:classes UP-TO-DATE
> Task :gradle-plugin:shared:jar UP-TO-DATE
> Task :expo-gradle-plugin:expo-autolinking-plugin-shared:jar UP-TO-DATE
> Task :gradle-plugin:settings-plugin:compileKotlin UP-TO-DATE
> Task :gradle-plugin:settings-plugin:compileJava NO-SOURCE
> Task :gradle-plugin:settings-plugin:classes UP-TO-DATE
> Task :gradle-plugin:settings-plugin:jar UP-TO-DATE
> Task :expo-gradle-plugin:expo-autolinking-settings-plugin:compileKotlin UP-TO-DATE
> Task :expo-gradle-plugin:expo-autolinking-settings-plugin:compileJava NO-SOURCE
> Task :expo-gradle-plugin:expo-autolinking-settings-plugin:classes UP-TO-DATE
> Task :expo-gradle-plugin:expo-autolinking-settings-plugin:jar UP-TO-DATE
> Task :expo-gradle-plugin:expo-max-sdk-override-plugin:checkKotlinGradlePluginConfigurationErrors SKIPPED
> Task :expo-gradle-plugin:expo-autolinking-plugin:checkKotlinGradlePluginConfigurationErrors SKIPPED
> Task :gradle-plugin:react-native-gradle-plugin:checkKotlinGradlePluginConfigurationErrors SKIPPED
> Task :expo-dev-launcher-gradle-plugin:checkKotlinGradlePluginConfigurationErrors SKIPPED
> Task :expo-dev-launcher-gradle-plugin:pluginDescriptors UP-TO-DATE
> Task :expo-dev-launcher-gradle-plugin:processResources UP-TO-DATE
> Task :expo-module-gradle-plugin:checkKotlinGradlePluginConfigurationErrors SKIPPED
> Task :expo-module-gradle-plugin:pluginDescriptors UP-TO-DATE
> Task :expo-module-gradle-plugin:processResources UP-TO-DATE
> Task :expo-gradle-plugin:expo-max-sdk-override-plugin:compileKotlin UP-TO-DATE
> Task :expo-gradle-plugin:expo-max-sdk-override-plugin:compileJava NO-SOURCE
> Task :expo-gradle-plugin:expo-max-sdk-override-plugin:pluginDescriptors UP-TO-DATE
> Task :expo-gradle-plugin:expo-max-sdk-override-plugin:processResources UP-TO-DATE
> Task :expo-gradle-plugin:expo-autolinking-plugin:compileKotlin UP-TO-DATE
> Task :expo-gradle-plugin:expo-max-sdk-override-plugin:classes UP-TO-DATE
> Task :expo-gradle-plugin:expo-autolinking-plugin:compileJava NO-SOURCE
> Task :gradle-plugin:react-native-gradle-plugin:compileKotlin UP-TO-DATE
> Task :expo-gradle-plugin:expo-autolinking-plugin:pluginDescriptors UP-TO-DATE
> Task :expo-gradle-plugin:expo-max-sdk-override-plugin:jar UP-TO-DATE
> Task :expo-gradle-plugin:expo-autolinking-plugin:processResources UP-TO-DATE
> Task :expo-gradle-plugin:expo-autolinking-plugin:classes UP-TO-DATE
> Task :gradle-plugin:react-native-gradle-plugin:compileJava NO-SOURCE
> Task :gradle-plugin:react-native-gradle-plugin:pluginDescriptors UP-TO-DATE
> Task :expo-gradle-plugin:expo-autolinking-plugin:jar UP-TO-DATE
> Task :gradle-plugin:react-native-gradle-plugin:processResources UP-TO-DATE
> Task :gradle-plugin:react-native-gradle-plugin:classes UP-TO-DATE
> Task :gradle-plugin:react-native-gradle-plugin:jar UP-TO-DATE
> Task :expo-module-gradle-plugin:compileKotlin UP-TO-DATE
> Task :expo-dev-launcher-gradle-plugin:compileKotlin UP-TO-DATE
> Task :expo-module-gradle-plugin:compileJava NO-SOURCE
> Task :expo-module-gradle-plugin:classes UP-TO-DATE
> Task :expo-dev-launcher-gradle-plugin:compileJava NO-SOURCE
> Task :expo-dev-launcher-gradle-plugin:classes UP-TO-DATE
> Task :expo-dev-launcher-gradle-plugin:jar UP-TO-DATE
> Task :expo-module-gradle-plugin:jar UP-TO-DATE

> Configure project :app
 ℹ️  [33mApplying gradle plugin[0m '[32mexpo-max-sdk-override-plugin[0m'
  [expo-max-sdk-override-plugin] This plugin will find all permissions declared with `android:maxSdkVersion`. If there exists a declaration with the `android:maxSdkVersion` annotation and another one without, the plugin will remove the annotation from the final merged manifest. In order to see a log with the changes run a clean build of the app.
 ℹ️  [33mApplying gradle plugin[0m '[32mexpo-dev-launcher-gradle-plugin[0m'

> Configure project :
[32m[ExpoRootProject][0m Using the following versions:
  - buildTools:  [32m36.0.0[0m
  - minSdk:      [32m24[0m
  - compileSdk:  [32m36[0m
  - targetSdk:   [32m36[0m
  - ndk:         [32m27.1.12297006[0m
  - kotlin:      [32m2.1.20[0m
  - ksp:         [32m2.1.20-2.0.1[0m

> Configure project :expo-modules-core
Linking react-native-worklets native libs into expo-modules-core build tasks
task ':react-native-worklets:mergeDebugNativeLibs'
task ':react-native-worklets:mergeReleaseNativeLibs'

> Configure project :expo

Using expo modules
  - [32mexpo-log-box[0m (57.0.3)
  - [32mexpo-constants[0m (57.0.12)
  - [32mexpo-dev-client[0m (57.0.13)
  - [32mexpo-dev-launcher[0m (57.0.13)
  - [32mexpo-dev-menu[0m (57.0.13)
  - [32mexpo-dev-menu-interface[0m (57.0.0)
  - [32mexpo-json-utils[0m (57.0.1)
  - [32mexpo-manifests[0m (57.0.1)
  - [32mexpo-modules-core[0m (57.0.11)
  - [32mexpo-updates-interface[0m (57.0.1)
  - [33m[📦][0m [32mexpo-dom-webview[0m (57.0.1)
  - [33m[📦][0m [32mexpo-ui[0m (57.0.11)
  - [33m[📦][0m [32mexpo-asset[0m (57.0.12)
  - [33m[📦][0m [32mexpo-battery[0m (57.0.2)
  - [33m[📦][0m [32mexpo-crypto[0m (57.0.1)
  - [33m[📦][0m [32mexpo-device[0m (57.0.1)
  - [33m[📦][0m [32mexpo-file-system[0m (57.0.4)
  - [33m[📦][0m [32mexpo-font[0m (57.0.1)
  - [33m[📦][0m [32mexpo-image[0m (57.0.3)
  - [33m[📦][0m [32mexpo-keep-awake[0m (57.0.1)
  - [33m[📦][0m [32mexpo-linking[0m (57.0.6)
  - [33m[📦][0m [32mexpo-location[0m (57.0.11)
  - [33m[📦][0m [32mexpo-network[0m (57.0.2)
  - [33m[📦][0m [32mexpo-router[0m (57.0.14)
  - [33m[📦][0m [32mexpo-secure-store[0m (57.0.1)
  - [33m[📦][0m [32mexpo-sensors[0m (57.0.2)
  - [33m[📦][0m [32mexpo-sharing[0m (57.0.13)
  - [33m[📦][0m [32mexpo-splash-screen[0m (57.0.7)
  - [33m[📦][0m [32mexpo-sqlite[0m (57.0.1)
  - [33m[📦][0m [32mexpo-status-bar[0m (57.0.1)
  - [33m[📦][0m [32mexpo-system-ui[0m (57.0.2)
  - [33m[📦][0m [32mexpo-task-manager[0m (57.0.11)
  - [33m[📦][0m [32mexpo-web-browser[0m (57.0.2)
  - [33m[📦][0m [32munimodules-app-loader[0m (57.0.1)


> Task :expo-dev-launcher:preBuild UP-TO-DATE
> Task :expo-log-box:preBuild UP-TO-DATE
> Task :expo-manifests:preBuild UP-TO-DATE
> Task :expo-dev-menu:preBuild UP-TO-DATE
> Task :expo-dev-launcher:preReleaseBuild UP-TO-DATE
> Task :expo-manifests:preReleaseBuild UP-TO-DATE
> Task :expo-dev-menu:preReleaseBuild UP-TO-DATE
> Task :expo-json-utils:preBuild UP-TO-DATE
> Task :expo-log-box:preReleaseBuild UP-TO-DATE
> Task :expo-updates-interface:preBuild UP-TO-DATE
> Task :expo-dev-client:preBuild UP-TO-DATE
> Task :expo-dev-menu-interface:preBuild UP-TO-DATE
> Task :react-native-masked-view_masked-view:preBuild UP-TO-DATE
> Task :expo-json-utils:preReleaseBuild UP-TO-DATE
> Task :expo-dev-menu-interface:preReleaseBuild UP-TO-DATE
> Task :expo-modules-core:preBuild UP-TO-DATE
> Task :expo-modules-core:preReleaseBuild UP-TO-DATE
> Task :expo-dev-client:preReleaseBuild UP-TO-DATE
> Task :expo-updates-interface:preReleaseBuild UP-TO-DATE
> Task :react-native-masked-view_masked-view:preReleaseBuild UP-TO-DATE
> Task :expo:generatePackagesList
> Task :expo:preBuild
> Task :expo:preReleaseBuild
> Task :app:generateAutolinkingNewArchitectureFiles
> Task :expo-dev-launcher:mergeReleaseJniLibFolders
> Task :expo-modules-core:mergeReleaseJniLibFolders
> Task :expo-dev-menu-interface:mergeReleaseJniLibFolders
> Task :expo-modules-core:checkKotlinGradlePluginConfigurationErrors SKIPPED
> Task :expo-log-box:mergeReleaseJniLibFolders
> Task :react-native-masked-view_masked-view:mergeReleaseJniLibFolders
> Task :expo-json-utils:mergeReleaseJniLibFolders
> Task :app:generateAutolinkingPackageList
> Task :expo:mergeReleaseJniLibFolders
> Task :expo-dev-client:mergeReleaseJniLibFolders
> Task :expo-updates-interface:mergeReleaseJniLibFolders
> Task :expo-dev-menu:mergeReleaseJniLibFolders
> Task :expo-manifests:mergeReleaseJniLibFolders
> Task :app:generateCodegenSchemaFromJavaScript SKIPPED
> Task :app:generateCodegenArtifactsFromSchema SKIPPED
> Task :expo-json-utils:mergeReleaseNativeLibs NO-SOURCE
> Task :react-native-masked-view_masked-view:mergeReleaseNativeLibs NO-SOURCE
> Task :expo-dev-menu-interface:mergeReleaseNativeLibs NO-SOURCE
> Task :expo-manifests:mergeReleaseNativeLibs NO-SOURCE
> Task :expo-dev-client:mergeReleaseNativeLibs NO-SOURCE
> Task :expo-dev-menu:mergeReleaseNativeLibs NO-SOURCE
> Task :expo:mergeReleaseNativeLibs NO-SOURCE
> Task :app:generateReactNativeEntryPoint
> Task :expo-updates-interface:mergeReleaseNativeLibs NO-SOURCE
> Task :expo-dev-launcher:mergeReleaseNativeLibs NO-SOURCE
> Task :expo-modules-core:generateReleaseBuildConfig
> Task :expo-log-box:mergeReleaseNativeLibs NO-SOURCE
> Task :expo-json-utils:checkKotlinGradlePluginConfigurationErrors SKIPPED
> Task :app:buildKotlinToolingMetadata
> Task :app:checkKotlinGradlePluginConfigurationErrors SKIPPED
> Task :expo-dev-client:checkKotlinGradlePluginConfigurationErrors SKIPPED
> Task :expo-dev-menu:checkKotlinGradlePluginConfigurationErrors SKIPPED
> Task :expo-modules-core:generateReleaseResValues
> Task :expo:checkKotlinGradlePluginConfigurationErrors SKIPPED
> Task :expo-dev-client:copyReleaseJniLibsProjectOnly
> Task :expo-json-utils:copyReleaseJniLibsProjectOnly
> Task :expo-dev-launcher:checkKotlinGradlePluginConfigurationErrors SKIPPED
> Task :expo-dev-menu:copyReleaseJniLibsProjectOnly
> Task :react-native-masked-view_masked-view:copyReleaseJniLibsProjectOnly
> Task :expo:copyReleaseJniLibsProjectOnly
> Task :expo-manifests:copyReleaseJniLibsProjectOnly
> Task :expo-dev-menu-interface:checkKotlinGradlePluginConfigurationErrors SKIPPED
> Task :expo-json-utils:generateReleaseBuildConfig
> Task :expo-manifests:checkKotlinGradlePluginConfigurationErrors SKIPPED
> Task :expo-dev-launcher:copyReleaseJniLibsProjectOnly
> Task :expo-updates-interface:checkKotlinGradlePluginConfigurationErrors SKIPPED
> Task :expo-updates-interface:copyReleaseJniLibsProjectOnly
> Task :expo-dev-menu-interface:copyReleaseJniLibsProjectOnly
> Task :expo-log-box:checkKotlinGradlePluginConfigurationErrors SKIPPED
> Task :react-native-worklets:assertMinimalReactNativeVersionTask
> Task :expo-log-box:copyReleaseJniLibsProjectOnly
> Task :react-native-reanimated:assertMinimalReactNativeVersionTask
> Task :expo-modules-core:generateReleaseResources
> Task :expo:generateReleaseBuildConfig
> Task :expo-json-utils:generateReleaseResValues
> Task :expo-dev-menu-interface:generateReleaseBuildConfig
> Task :expo:generateReleaseResValues
> Task :expo-log-box:generateReleaseBuildConfig
> Task :react-native-masked-view_masked-view:generateReleaseBuildConfig
> Task :expo-manifests:generateReleaseBuildConfig
> Task :expo-log-box:generateReleaseResValues
> Task :expo-manifests:generateReleaseResValues
> Task :react-native-masked-view_masked-view:generateReleaseResValues
> Task :expo-dev-menu:generateReleaseBuildConfig
> Task :expo-dev-client:generateReleaseResValues
> Task :expo-dev-menu-interface:generateReleaseResValues
> Task :expo:generateReleaseResources
> Task :expo-updates-interface:generateReleaseBuildConfig
> Task :expo-dev-client:dataBindingMergeDependencyArtifactsRelease
> Task :expo-modules-core:packageReleaseResources
> Task :expo-dev-menu-interface:generateReleaseResources
> Task :expo-manifests:generateReleaseResources
> Task :react-native-masked-view_masked-view:generateReleaseResources
> Task :expo-json-utils:generateReleaseResources
> Task :expo-updates-interface:generateReleaseResValues
> Task :expo-dev-menu:generateReleaseResValues
> Task :expo-dev-launcher:dataBindingMergeDependencyArtifactsRelease
> Task :expo-log-box:generateReleaseResources
> Task :expo-dev-client:generateReleaseResources
> Task :expo-dev-launcher:generateReleaseResValues
> Task :expo-updates-interface:generateReleaseResources
> Task :expo-json-utils:packageReleaseResources
> Task :expo:packageReleaseResources
> Task :expo-dev-launcher:generateReleaseResources
> Task :expo-dev-menu-interface:packageReleaseResources
> Task :react-native-reanimated:assertWorkletsVersionTask
> Task :expo-log-box:packageReleaseResources
> Task :expo-dev-client:packageReleaseResources
> Task :react-native-masked-view_masked-view:packageReleaseResources
> Task :expo-manifests:packageReleaseResources
> Task :expo-updates-interface:packageReleaseResources
> Task :expo-dev-launcher:packageReleaseResources
> Task :react-native-view-shot:generateCodegenSchemaFromJavaScript
> Task :expo-manifests:parseReleaseLocalResources
> Task :react-native-masked-view_masked-view:parseReleaseLocalResources
> Task :expo-json-utils:parseReleaseLocalResources
> Task :expo-dev-launcher:generateReleaseBuildConfig
> Task :expo-dev-menu-interface:javaPreCompileRelease
> Task :expo-log-box:javaPreCompileRelease
> Task :expo-modules-core:parseReleaseLocalResources
> Task :expo:parseReleaseLocalResources
> Task :expo-dev-menu-interface:parseReleaseLocalResources
> Task :expo-dev-launcher:parseReleaseLocalResources
> Task :expo-updates-interface:parseReleaseLocalResources
> Task :expo-modules-core:javaPreCompileRelease
> Task :expo-dev-menu:generateReleaseResources
> Task :expo-log-box:parseReleaseLocalResources
> Task :expo-json-utils:javaPreCompileRelease
> Task :expo-dev-client:parseReleaseLocalResources
> Task :react-native-safe-area-context:generateCodegenSchemaFromJavaScript
> Task :expo-manifests:generateReleaseRFile
> Task :expo-dev-launcher:javaPreCompileRelease
> Task :expo-manifests:javaPreCompileRelease
> Task :expo-updates-interface:javaPreCompileRelease
> Task :expo-dev-client:generateReleaseBuildConfig
> Task :expo-manifests:writeReleaseAarMetadata
> Task :react-native-gesture-handler:generateCodegenSchemaFromJavaScript
> Task :expo:javaPreCompileRelease
> Task :expo-modules-core:generateReleaseRFile
> Task :expo-log-box:generateReleaseRFile
> Task :expo-updates-interface:generateReleaseRFile
> Task :expo:generateReleaseRFile
> Task :expo-dev-menu:packageReleaseResources
> Task :expo-dev-menu-interface:generateReleaseRFile
> Task :react-native-masked-view_masked-view:generateReleaseRFile
> Task :expo:writeReleaseAarMetadata
> Task :expo-updates-interface:writeReleaseAarMetadata
> Task :expo-json-utils:generateReleaseRFile
> Task :react-native-masked-view_masked-view:javaPreCompileRelease
> Task :expo-dev-client:dataBindingGenBaseClassesRelease
> Task :expo-log-box:writeReleaseAarMetadata
> Task :expo-dev-menu-interface:writeReleaseAarMetadata
> Task :expo:extractDeepLinksRelease
> Task :expo-manifests:extractDeepLinksRelease
> Task :expo-dev-menu:parseReleaseLocalResources
> Task :expo-dev-menu-interface:extractDeepLinksRelease
> Task :react-native-masked-view_masked-view:writeReleaseAarMetadata
> Task :expo-modules-core:writeReleaseAarMetadata
> Task :expo-updates-interface:extractDeepLinksRelease
> Task :expo-modules-core:extractDeepLinksRelease
> Task :expo-log-box:extractDeepLinksRelease
> Task :expo-json-utils:writeReleaseAarMetadata
> Task :expo-dev-client:generateReleaseRFile
> Task :expo:processReleaseManifest
> Task :expo-dev-menu:javaPreCompileRelease
> Task :expo-json-utils:extractDeepLinksRelease
> Task :expo-dev-client:javaPreCompileRelease
> Task :expo:compileReleaseLibraryResources
> Task :react-native-worklets:generateCodegenSchemaFromJavaScript
> Task :react-native-svg:generateCodegenSchemaFromJavaScript
> Task :expo-manifests:processReleaseManifest
> Task :expo-dev-menu:generateReleaseRFile
> Task :rnmapbox_maps:generateCodegenSchemaFromJavaScript
> Task :expo-dev-menu:writeReleaseAarMetadata
> Task :expo-dev-client:writeReleaseAarMetadata
> Task :expo-log-box:processReleaseManifest
> Task :expo-manifests:compileReleaseLibraryResources
> Task :expo:prepareReleaseArtProfile
> Task :expo-updates-interface:processReleaseManifest
> Task :expo-manifests:prepareReleaseArtProfile
> Task :expo-log-box:compileReleaseLibraryResources
> Task :expo-modules-core:compileReleaseLibraryResources
> Task :expo-dev-client:extractDeepLinksRelease
> Task :expo-dev-menu-interface:compileReleaseLibraryResources
> Task :expo-updates-interface:compileReleaseLibraryResources
> Task :react-native-screens:generateCodegenSchemaFromJavaScript

> Task :expo-modules-core:processReleaseManifest
/home/odin/Dungeon/Personal/xc-mvp/node_modules/.pnpm/expo-modules-core@57.0.11_react-native-worklets@0.10.1_@babel+core@7.29.7_@react-native_2f380e78b2fce2ff268cfb4be7ffd642/node_modules/expo-modules-core/android/src/main/AndroidManifest.xml:8:9-11:45 Warning:
	meta-data#com.facebook.soloader.enabled@android:value was tagged at AndroidManifest.xml:8 to replace other declarations but no other declaration present

> Task :react-native-reanimated:generateCodegenSchemaFromJavaScript
> Task :expo-dev-menu-interface:processReleaseManifest
> Task :expo-dev-menu:extractDeepLinksRelease
> Task :expo-dev-menu-interface:prepareReleaseArtProfile
> Task :expo-updates-interface:prepareReleaseArtProfile
> Task :expo-log-box:prepareReleaseArtProfile
> Task :expo-modules-core:prepareReleaseArtProfile
> Task :expo-manifests:mergeReleaseShaders
> Task :expo-manifests:compileReleaseShaders NO-SOURCE
> Task :expo-manifests:generateReleaseAssets UP-TO-DATE
> Task :expo:mergeReleaseShaders
> Task :expo:compileReleaseShaders NO-SOURCE
> Task :expo:generateReleaseAssets UP-TO-DATE
> Task :expo-updates-interface:mergeReleaseShaders
> Task :expo-updates-interface:compileReleaseShaders NO-SOURCE
> Task :expo-updates-interface:generateReleaseAssets UP-TO-DATE
> Task :expo-dev-menu:prepareReleaseArtProfile
> Task :expo-manifests:mergeReleaseAssets
> Task :expo-dev-menu:compileReleaseLibraryResources
> Task :expo:mergeReleaseAssets
> Task :expo-updates-interface:mergeReleaseAssets
> Task :expo-dev-client:compileReleaseLibraryResources
> Task :expo-dev-client:processReleaseManifest
> Task :expo-dev-launcher:dataBindingGenBaseClassesRelease
> Task :expo-log-box:mergeReleaseShaders
> Task :expo-dev-menu:processReleaseManifest
> Task :expo-modules-core:mergeReleaseShaders
> Task :expo-dev-client:prepareReleaseArtProfile
> Task :expo-manifests:extractProguardFiles
> Task :expo-log-box:compileReleaseShaders NO-SOURCE
> Task :expo-log-box:generateReleaseAssets UP-TO-DATE
> Task :expo-dev-menu-interface:mergeReleaseShaders
> Task :expo-updates-interface:extractProguardFiles
> Task :expo:extractProguardFiles
> Task :react-native-view-shot:generateCodegenArtifactsFromSchema
> Task :react-native-view-shot:preBuild
> Task :react-native-view-shot:preReleaseBuild
> Task :expo-dev-menu:mergeReleaseShaders
> Task :expo-dev-client:mergeReleaseShaders
> Task :expo-json-utils:processReleaseManifest
> Task :expo-manifests:prepareLintJarForPublish
> Task :expo-manifests:stripReleaseDebugSymbols NO-SOURCE
> Task :expo-dev-client:compileReleaseShaders NO-SOURCE
> Task :expo-dev-menu:compileReleaseShaders NO-SOURCE
> Task :expo-dev-client:generateReleaseAssets UP-TO-DATE
> Task :expo-modules-core:compileReleaseShaders NO-SOURCE
> Task :expo-dev-menu:generateReleaseAssets UP-TO-DATE
> Task :expo-updates-interface:prepareLintJarForPublish
> Task :expo-modules-core:generateReleaseAssets UP-TO-DATE
> Task :expo:prepareLintJarForPublish
> Task :expo-log-box:mergeReleaseAssets
> Task :expo-updates-interface:stripReleaseDebugSymbols NO-SOURCE
> Task :expo:stripReleaseDebugSymbols NO-SOURCE
> Task :expo-manifests:copyReleaseJniLibsProjectAndLocalJars
> Task :react-native-view-shot:mergeReleaseJniLibFolders
> Task :expo-json-utils:compileReleaseLibraryResources
> Task :expo-dev-menu-interface:compileReleaseShaders NO-SOURCE
> Task :expo-dev-launcher:writeReleaseAarMetadata
> Task :expo-dev-menu:mergeReleaseAssets
> Task :expo-dev-menu-interface:generateReleaseAssets UP-TO-DATE
> Task :expo-dev-launcher:generateReleaseRFile
> Task :react-native-safe-area-context:generateCodegenArtifactsFromSchema
> Task :react-native-safe-area-context:preBuild
> Task :react-native-safe-area-context:preReleaseBuild
> Task :expo-dev-client:mergeReleaseAssets
> Task :expo-json-utils:prepareReleaseArtProfile
> Task :expo-dev-launcher:extractDeepLinksRelease
> Task :expo-manifests:extractDeepLinksForAarRelease
> Task :expo-log-box:extractProguardFiles
> Task :expo-dev-menu:extractProguardFiles
> Task :expo-modules-core:mergeReleaseAssets
> Task :expo-dev-menu-interface:mergeReleaseAssets
> Task :react-native-safe-area-context:mergeReleaseJniLibFolders
> Task :expo-log-box:prepareLintJarForPublish
> Task :react-native-view-shot:mergeReleaseNativeLibs NO-SOURCE
> Task :expo:copyReleaseJniLibsProjectAndLocalJars
> Task :expo:extractDeepLinksForAarRelease
> Task :expo-json-utils:mergeReleaseShaders
> Task :expo-dev-client:extractProguardFiles
> Task :expo-updates-interface:copyReleaseJniLibsProjectAndLocalJars
> Task :react-native-gesture-handler:generateCodegenArtifactsFromSchema
> Task :expo-manifests:writeReleaseLintModelMetadata
> Task :expo-dev-launcher:processReleaseManifest
> Task :react-native-gesture-handler:preBuild
> Task :react-native-gesture-handler:preReleaseBuild
> Task :expo-dev-client:prepareLintJarForPublish
> Task :expo-updates-interface:extractDeepLinksForAarRelease
> Task :expo-modules-core:extractProguardFiles
> Task :react-native-worklets:generateCodegenArtifactsFromSchema
> Task :expo:writeReleaseLintModelMetadata
> Task :expo-dev-launcher:compileReleaseLibraryResources
> Task :expo-json-utils:compileReleaseShaders NO-SOURCE
> Task :expo-log-box:stripReleaseDebugSymbols NO-SOURCE
> Task :expo-json-utils:generateReleaseAssets UP-TO-DATE
> Task :react-native-safe-area-context:mergeReleaseNativeLibs NO-SOURCE
> Task :expo-dev-launcher:prepareReleaseArtProfile
> Task :react-native-view-shot:copyReleaseJniLibsProjectOnly
> Task :expo-dev-menu:prepareLintJarForPublish
> Task :expo-dev-menu-interface:extractProguardFiles
> Task :expo-dev-client:stripReleaseDebugSymbols NO-SOURCE
> Task :react-native-gesture-handler:mergeReleaseJniLibFolders
> Task :react-native-gesture-handler:checkKotlinGradlePluginConfigurationErrors SKIPPED
> Task :expo-dev-menu:stripReleaseDebugSymbols NO-SOURCE
> Task :expo-modules-core:prepareLintJarForPublish
> Task :react-native-safe-area-context:checkKotlinGradlePluginConfigurationErrors SKIPPED
> Task :react-native-safe-area-context:copyReleaseJniLibsProjectOnly
> Task :expo-log-box:copyReleaseJniLibsProjectAndLocalJars
> Task :react-native-view-shot:generateReleaseBuildConfig
> Task :expo-updates-interface:writeReleaseLintModelMetadata
> Task :expo-json-utils:mergeReleaseAssets
> Task :expo-dev-menu-interface:prepareLintJarForPublish
> Task :react-native-gesture-handler:generateReleaseBuildConfig
> Task :expo-dev-launcher:mergeReleaseShaders
> Task :expo-dev-client:copyReleaseJniLibsProjectAndLocalJars
> Task :expo-dev-menu:copyReleaseJniLibsProjectAndLocalJars
> Task :react-native-safe-area-context:generateReleaseBuildConfig
> Task :react-native-view-shot:generateReleaseResValues
> Task :expo-json-utils:extractProguardFiles
> Task :expo-modules-core:extractDeepLinksForAarRelease
> Task :expo-dev-menu:extractDeepLinksForAarRelease
> Task :expo-log-box:extractDeepLinksForAarRelease
> Task :expo-dev-launcher:compileReleaseShaders NO-SOURCE
> Task :expo-dev-menu-interface:stripReleaseDebugSymbols NO-SOURCE
> Task :expo-dev-launcher:generateReleaseAssets UP-TO-DATE
> Task :expo-json-utils:prepareLintJarForPublish
> Task :expo-dev-client:extractDeepLinksForAarRelease
> Task :react-native-gesture-handler:generateReleaseResValues
> Task :react-native-safe-area-context:generateReleaseResValues
> Task :expo-dev-menu:writeReleaseLintModelMetadata
> Task :expo-log-box:writeReleaseLintModelMetadata
> Task :expo-dev-menu-interface:copyReleaseJniLibsProjectAndLocalJars
> Task :expo-json-utils:stripReleaseDebugSymbols NO-SOURCE
> Task :expo-modules-core:writeReleaseLintModelMetadata
> Task :react-native-view-shot:generateReleaseResources
> Task :expo-dev-client:writeReleaseLintModelMetadata
> Task :expo-dev-launcher:mergeReleaseAssets
> Task :expo-json-utils:copyReleaseJniLibsProjectAndLocalJars
> Task :expo-dev-menu-interface:extractDeepLinksForAarRelease
> Task :react-native-safe-area-context:generateReleaseResources
> Task :react-native-gesture-handler:generateReleaseResources
> Task :expo-dev-launcher:extractProguardFiles
> Task :expo-dev-menu-interface:writeReleaseLintModelMetadata
> Task :react-native-view-shot:packageReleaseResources
> Task :react-native-reanimated:generateCodegenArtifactsFromSchema
> Task :react-native-svg:generateCodegenArtifactsFromSchema
> Task :react-native-svg:preBuild
> Task :react-native-svg:preReleaseBuild
> Task :expo-dev-launcher:prepareLintJarForPublish
> Task :expo-dev-launcher:stripReleaseDebugSymbols NO-SOURCE
> Task :react-native-view-shot:parseReleaseLocalResources
> Task :react-native-svg:mergeReleaseJniLibFolders
> Task :react-native-gesture-handler:packageReleaseResources
> Task :react-native-view-shot:javaPreCompileRelease
> Task :react-native-view-shot:writeReleaseAarMetadata
> Task :expo-dev-launcher:copyReleaseJniLibsProjectAndLocalJars
> Task :react-native-gesture-handler:parseReleaseLocalResources
> Task :expo-dev-launcher:extractDeepLinksForAarRelease
> Task :react-native-svg:mergeReleaseNativeLibs NO-SOURCE
> Task :react-native-view-shot:extractDeepLinksRelease
> Task :react-native-gesture-handler:javaPreCompileRelease
> Task :react-native-view-shot:generateReleaseRFile
> Task :expo-dev-launcher:writeReleaseLintModelMetadata
> Task :react-native-screens:generateCodegenArtifactsFromSchema
> Task :expo-json-utils:extractDeepLinksForAarRelease
> Task :react-native-screens:preBuild
> Task :react-native-screens:preReleaseBuild
> Task :rnmapbox_maps:generateCodegenArtifactsFromSchema
> Task :react-native-svg:copyReleaseJniLibsProjectOnly
> Task :rnmapbox_maps:preBuild
> Task :rnmapbox_maps:preReleaseBuild
> Task :expo-json-utils:writeReleaseLintModelMetadata
> Task :react-native-svg:generateReleaseBuildConfig
> Task :react-native-safe-area-context:packageReleaseResources
> Task :react-native-safe-area-context:parseReleaseLocalResources
> Task :react-native-safe-area-context:javaPreCompileRelease
> Task :rnmapbox_maps:mergeReleaseJniLibFolders
> Task :react-native-svg:generateReleaseResValues

> Task :expo-constants:createExpoConfig
The NODE_ENV environment variable is required but was not specified. Ensure the project is bundled with Expo CLI or NODE_ENV is set. Using only .env.local and .env
env: load .env.local
env: export EXPO_PUBLIC_ACCOUNT_DELETION_URL EXPO_PUBLIC_MAPBOX_ACCESS_TOKEN EXPO_PUBLIC_PRIVACY_POLICY_URL EXPO_PUBLIC_SUPABASE_PUBLISHABLE_KEY EXPO_PUBLIC_SUPABASE_URL

> Task :expo-constants:preBuild
> Task :expo-constants:preReleaseBuild
> Task :react-native-gesture-handler:writeReleaseAarMetadata
> Task :rnmapbox_maps:mergeReleaseNativeLibs NO-SOURCE
> Task :react-native-safe-area-context:writeReleaseAarMetadata
> Task :react-native-gesture-handler:extractDeepLinksRelease
> Task :react-native-screens:configureCMakeRelWithDebInfo[arm64-v8a]
> Task :react-native-gesture-handler:generateReleaseRFile

> Task :react-native-view-shot:processReleaseManifest
package="fr.greweb.reactnativeviewshot" found in source AndroidManifest.xml: /home/odin/Dungeon/Personal/xc-mvp/node_modules/.pnpm/react-native-view-shot@5.1.0_react-native@0.86.2_@babel+core@7.29.7_@react-native+jest-_80e44dbf5c449f2aa6a590cd2380eb91/node_modules/react-native-view-shot/android/src/main/AndroidManifest.xml.
Setting the namespace via the package attribute in the source AndroidManifest.xml is no longer supported, and the value is ignored.
Recommendation: remove package="fr.greweb.reactnativeviewshot" from the source AndroidManifest.xml: /home/odin/Dungeon/Personal/xc-mvp/node_modules/.pnpm/react-native-view-shot@5.1.0_react-native@0.86.2_@babel+core@7.29.7_@react-native+jest-_80e44dbf5c449f2aa6a590cd2380eb91/node_modules/react-native-view-shot/android/src/main/AndroidManifest.xml.

> Task :expo-constants:mergeReleaseJniLibFolders
> Task :expo-constants:mergeReleaseNativeLibs NO-SOURCE
> Task :rnmapbox_maps:checkKotlinGradlePluginConfigurationErrors SKIPPED
> Task :react-native-safe-area-context:extractDeepLinksRelease
> Task :rnmapbox_maps:copyReleaseJniLibsProjectOnly
> Task :expo-constants:checkKotlinGradlePluginConfigurationErrors SKIPPED
> Task :react-native-svg:generateReleaseResources
> Task :expo-constants:copyReleaseJniLibsProjectOnly
> Task :rnmapbox_maps:generateReleaseBuildConfig
> Task :react-native-gesture-handler:processReleaseManifest
> Task :react-native-gesture-handler:compileReleaseLibraryResources
> Task :react-native-safe-area-context:generateReleaseRFile
> Task :rnmapbox_maps:generateReleaseResValues
> Task :react-native-gesture-handler:prepareReleaseArtProfile
> Task :expo-constants:generateReleaseBuildConfig

> Task :react-native-safe-area-context:processReleaseManifest
package="com.th3rdwave.safeareacontext" found in source AndroidManifest.xml: /home/odin/Dungeon/Personal/xc-mvp/node_modules/.pnpm/react-native-safe-area-context@5.7.0_react-native@0.86.2_@babel+core@7.29.7_@react-nati_6f8072434c822646d5577aeb45054a3c/node_modules/react-native-safe-area-context/android/src/main/AndroidManifest.xml.
Setting the namespace via the package attribute in the source AndroidManifest.xml is no longer supported, and the value is ignored.
Recommendation: remove package="com.th3rdwave.safeareacontext" from the source AndroidManifest.xml: /home/odin/Dungeon/Personal/xc-mvp/node_modules/.pnpm/react-native-safe-area-context@5.7.0_react-native@0.86.2_@babel+core@7.29.7_@react-nati_6f8072434c822646d5577aeb45054a3c/node_modules/react-native-safe-area-context/android/src/main/AndroidManifest.xml.

> Task :react-native-worklets:prepareWorkletsHeadersForPrefabs
> Task :react-native-worklets:preBuild
> Task :react-native-worklets:preReleaseBuild
> Task :react-native-svg:packageReleaseResources
> Task :expo-constants:generateReleaseResValues
> Task :react-native-gesture-handler:mergeReleaseShaders
> Task :react-native-gesture-handler:compileReleaseShaders NO-SOURCE
> Task :react-native-gesture-handler:generateReleaseAssets UP-TO-DATE
> Task :expo-constants:generateReleaseResources
> Task :rnmapbox_maps:generateReleaseResources
> Task :react-native-svg:javaPreCompileRelease
> Task :react-native-svg:writeReleaseAarMetadata
> Task :react-native-gesture-handler:mergeReleaseAssets
> Task :react-native-svg:extractDeepLinksRelease
> Task :react-native-svg:parseReleaseLocalResources
> Task :react-native-gesture-handler:extractProguardFiles
> Task :expo-constants:packageReleaseResources
> Task :react-native-gesture-handler:prepareLintJarForPublish
> Task :react-native-gesture-handler:extractDeepLinksForAarRelease
> Task :expo-constants:parseReleaseLocalResources
> Task :react-native-gesture-handler:writeReleaseLintModelMetadata
> Task :expo-constants:javaPreCompileRelease
> Task :react-native-svg:processReleaseManifest
> Task :expo-constants:writeReleaseAarMetadata
> Task :rnmapbox_maps:packageReleaseResources
> Task :react-native-svg:generateReleaseRFile
> Task :expo-constants:extractDeepLinksRelease
> Task :react-native-svg:compileReleaseLibraryResources
> Task :expo-constants:generateReleaseRFile
> Task :rnmapbox_maps:javaPreCompileRelease
> Task :rnmapbox_maps:parseReleaseLocalResources
> Task :rnmapbox_maps:writeReleaseAarMetadata
> Task :rnmapbox_maps:extractDeepLinksRelease
> Task :expo-constants:processReleaseManifest
> Task :expo-constants:compileReleaseLibraryResources
> Task :expo-constants:prepareReleaseArtProfile
> Task :rnmapbox_maps:generateReleaseRFile
> Task :expo-constants:mergeReleaseShaders
> Task :expo-constants:compileReleaseShaders NO-SOURCE
> Task :expo-constants:generateReleaseAssets UP-TO-DATE
> Task :expo-constants:mergeReleaseAssets
> Task :expo-constants:extractProguardFiles
> Task :expo-constants:prepareLintJarForPublish
> Task :expo-constants:stripReleaseDebugSymbols NO-SOURCE
> Task :expo-constants:copyReleaseJniLibsProjectAndLocalJars
> Task :expo-constants:extractDeepLinksForAarRelease
> Task :expo-constants:writeReleaseLintModelMetadata

> Task :rnmapbox_maps:processReleaseManifest
package="com.rnmapbox.rnmbx" found in source AndroidManifest.xml: /home/odin/Dungeon/Personal/xc-mvp/node_modules/@rnmapbox/maps/android/src/main/AndroidManifest.xml.
Setting the namespace via the package attribute in the source AndroidManifest.xml is no longer supported, and the value is ignored.
Recommendation: remove package="com.rnmapbox.rnmbx" from the source AndroidManifest.xml: /home/odin/Dungeon/Personal/xc-mvp/node_modules/@rnmapbox/maps/android/src/main/AndroidManifest.xml.

> Task :react-native-reanimated:prepareReanimatedHeadersForPrefabs
> Task :react-native-reanimated:preBuild
> Task :react-native-reanimated:preReleaseBuild
> Task :react-native-reanimated:mergeReleaseJniLibFolders
> Task :react-native-reanimated:checkKotlinGradlePluginConfigurationErrors SKIPPED
> Task :react-native-reanimated:generateReleaseBuildConfig
> Task :react-native-reanimated:generateReleaseResValues
> Task :react-native-reanimated:generateReleaseResources
> Task :react-native-reanimated:packageReleaseResources
> Task :react-native-reanimated:javaPreCompileRelease
> Task :react-native-reanimated:writeReleaseAarMetadata
> Task :react-native-reanimated:parseReleaseLocalResources
> Task :react-native-reanimated:extractDeepLinksRelease
> Task :react-native-safe-area-context:compileReleaseLibraryResources
> Task :react-native-reanimated:generateReleaseRFile
> Task :react-native-safe-area-context:prepareReleaseArtProfile
> Task :react-native-reanimated:processReleaseManifest
> Task :react-native-reanimated:compileReleaseLibraryResources
> Task :react-native-safe-area-context:mergeReleaseShaders
> Task :react-native-reanimated:prepareReleaseArtProfile
> Task :react-native-safe-area-context:compileReleaseShaders NO-SOURCE
> Task :react-native-safe-area-context:generateReleaseAssets UP-TO-DATE
> Task :react-native-safe-area-context:mergeReleaseAssets
> Task :react-native-reanimated:mergeReleaseShaders
> Task :react-native-reanimated:compileReleaseShaders NO-SOURCE
> Task :react-native-reanimated:generateReleaseAssets UP-TO-DATE
> Task :react-native-safe-area-context:extractProguardFiles
> Task :react-native-reanimated:mergeReleaseAssets
> Task :react-native-safe-area-context:prepareLintJarForPublish
> Task :react-native-reanimated:extractProguardFiles
> Task :react-native-safe-area-context:stripReleaseDebugSymbols NO-SOURCE
> Task :react-native-reanimated:prepareLintJarForPublish
> Task :react-native-reanimated:extractDeepLinksForAarRelease
> Task :react-native-safe-area-context:copyReleaseJniLibsProjectAndLocalJars
> Task :react-native-reanimated:writeReleaseLintModelMetadata
> Task :react-native-safe-area-context:extractDeepLinksForAarRelease
> Task :react-native-safe-area-context:writeReleaseLintModelMetadata

> Task :react-native-masked-view_masked-view:compileReleaseJavaWithJavac
Note: /home/odin/Dungeon/Personal/xc-mvp/node_modules/.pnpm/@react-native-masked-view+masked-view@0.3.2_react-native@0.86.2_@babel+core@7.29.7_@rea_0653a5bf392f9df2046c0997b06c8da0/node_modules/@react-native-masked-view/masked-view/android/src/main/java/org/reactnative/maskedview/RNCMaskedViewPackage.java uses or overrides a deprecated API.
Note: Recompile with -Xlint:deprecation for details.

> Task :react-native-masked-view_masked-view:extractDeepLinksRelease
> Task :react-native-masked-view_masked-view:bundleLibRuntimeToDirRelease
> Task :react-native-masked-view_masked-view:compileReleaseLibraryResources
> Task :react-native-masked-view_masked-view:processReleaseManifest
> Task :react-native-masked-view_masked-view:prepareReleaseArtProfile
> Task :react-native-masked-view_masked-view:bundleLibCompileToJarRelease
> Task :react-native-masked-view_masked-view:mergeReleaseShaders
> Task :react-native-masked-view_masked-view:compileReleaseShaders NO-SOURCE
> Task :react-native-masked-view_masked-view:generateReleaseAssets UP-TO-DATE
> Task :react-native-masked-view_masked-view:bundleLibRuntimeToJarRelease
> Task :react-native-masked-view_masked-view:mergeReleaseAssets
> Task :react-native-masked-view_masked-view:processReleaseJavaRes NO-SOURCE
> Task :react-native-masked-view_masked-view:createFullJarRelease
> Task :react-native-masked-view_masked-view:extractProguardFiles

> Task :app:createBundleReleaseJsAndAssets
env: load .env.local
env: export EXPO_PUBLIC_ACCOUNT_DELETION_URL EXPO_PUBLIC_MAPBOX_ACCESS_TOKEN EXPO_PUBLIC_PRIVACY_POLICY_URL EXPO_PUBLIC_SUPABASE_PUBLISHABLE_KEY EXPO_PUBLIC_SUPABASE_URL
Using src/app as the root directory for Expo Router.

> Task :rnmapbox_maps:prepareReleaseArtProfile
> Task :react-native-screens:buildCMakeRelWithDebInfo[arm64-v8a]
> Task :rnmapbox_maps:mergeReleaseShaders
> Task :rnmapbox_maps:compileReleaseShaders NO-SOURCE
> Task :rnmapbox_maps:generateReleaseAssets UP-TO-DATE
> Task :react-native-screens:mergeReleaseJniLibFolders
> Task :rnmapbox_maps:mergeReleaseAssets
> Task :rnmapbox_maps:extractProguardFiles
> Task :react-native-screens:checkKotlinGradlePluginConfigurationErrors SKIPPED
> Task :rnmapbox_maps:compileReleaseLibraryResources
> Task :rnmapbox_maps:prepareLintJarForPublish
> Task :react-native-screens:generateReleaseBuildConfig
> Task :react-native-screens:mergeReleaseNativeLibs
> Task :rnmapbox_maps:stripReleaseDebugSymbols NO-SOURCE
> Task :react-native-screens:generateReleaseResValues
> Task :rnmapbox_maps:copyReleaseJniLibsProjectAndLocalJars
> Task :rnmapbox_maps:extractDeepLinksForAarRelease
> Task :rnmapbox_maps:writeReleaseLintModelMetadata
> Task :react-native-screens:copyReleaseJniLibsProjectOnly
> Task :react-native-worklets:configureCMakeRelWithDebInfo[arm64-v8a]
> Task :react-native-screens:generateReleaseResources

> Task :react-native-view-shot:compileReleaseJavaWithJavac
Note: Some input files use or override a deprecated API.
Note: Recompile with -Xlint:deprecation for details.

> Task :react-native-screens:packageReleaseResources
> Task :react-native-screens:javaPreCompileRelease
> Task :react-native-screens:parseReleaseLocalResources
> Task :react-native-view-shot:compileReleaseLibraryResources
> Task :react-native-screens:writeReleaseAarMetadata
> Task :react-native-screens:extractDeepLinksRelease
> Task :react-native-view-shot:bundleLibRuntimeToDirRelease
> Task :react-native-view-shot:bundleLibCompileToJarRelease
> Task :react-native-view-shot:prepareReleaseArtProfile
> Task :react-native-view-shot:bundleLibRuntimeToJarRelease
> Task :react-native-screens:generateReleaseRFile
> Task :react-native-view-shot:mergeReleaseShaders
> Task :react-native-view-shot:compileReleaseShaders NO-SOURCE
> Task :react-native-view-shot:generateReleaseAssets UP-TO-DATE
> Task :react-native-view-shot:mergeReleaseAssets
> Task :react-native-view-shot:processReleaseJavaRes NO-SOURCE
> Task :react-native-screens:processReleaseManifest
> Task :react-native-view-shot:createFullJarRelease
> Task :react-native-view-shot:extractProguardFiles
> Task :react-native-masked-view_masked-view:generateReleaseLintModel
> Task :react-native-masked-view_masked-view:prepareLintJarForPublish
> Task :react-native-masked-view_masked-view:stripReleaseDebugSymbols NO-SOURCE
> Task :react-native-masked-view_masked-view:copyReleaseJniLibsProjectAndLocalJars
> Task :react-native-masked-view_masked-view:extractDeepLinksForAarRelease
> Task :react-native-screens:prepareReleaseArtProfile
> Task :react-native-masked-view_masked-view:extractReleaseAnnotations
> Task :react-native-screens:compileReleaseLibraryResources
> Task :react-native-screens:mergeReleaseShaders
> Task :react-native-screens:compileReleaseShaders NO-SOURCE
> Task :react-native-masked-view_masked-view:mergeReleaseGeneratedProguardFiles
> Task :react-native-screens:generateReleaseAssets UP-TO-DATE
> Task :react-native-masked-view_masked-view:mergeReleaseConsumerProguardFiles
> Task :react-native-screens:mergeReleaseAssets
> Task :react-native-screens:extractProguardFiles
> Task :react-native-masked-view_masked-view:mergeReleaseJavaResource
> Task :react-native-view-shot:generateReleaseLintModel
> Task :react-native-screens:prepareLintJarForPublish
> Task :react-native-view-shot:prepareLintJarForPublish
> Task :react-native-screens:extractDeepLinksForAarRelease
> Task :react-native-view-shot:stripReleaseDebugSymbols NO-SOURCE
> Task :react-native-screens:writeReleaseLintModelMetadata
> Task :react-native-masked-view_masked-view:syncReleaseLibJars
> Task :react-native-view-shot:copyReleaseJniLibsProjectAndLocalJars
> Task :react-native-view-shot:extractDeepLinksForAarRelease
> Task :react-native-masked-view_masked-view:bundleReleaseLocalLintAar
> Task :react-native-screens:stripReleaseDebugSymbols
> Task :react-native-masked-view_masked-view:writeReleaseLintModelMetadata
> Task :react-native-view-shot:mergeReleaseGeneratedProguardFiles
> Task :react-native-view-shot:mergeReleaseConsumerProguardFiles
> Task :react-native-view-shot:mergeReleaseJavaResource
> Task :react-native-screens:copyReleaseJniLibsProjectAndLocalJars
> Task :react-native-view-shot:writeReleaseLintModelMetadata
> Task :react-native-masked-view_masked-view:generateReleaseLintVitalModel
> Task :react-native-view-shot:generateReleaseLintVitalModel

> Task :app:createBundleReleaseJsAndAssets
React Compiler enabled
Starting Metro Bundler

warning: Bundler cache is empty, rebuilding (this may take a minute)

> Task :react-native-worklets:buildCMakeRelWithDebInfo[arm64-v8a][worklets]

> Task :react-native-svg:compileReleaseJavaWithJavac
Note: Some input files use or override a deprecated API.
Note: Recompile with -Xlint:deprecation for details.
Note: Some input files use unchecked or unsafe operations.
Note: Recompile with -Xlint:unchecked for details.

> Task :react-native-worklets:externalNativeBuildRelease
> Task :react-native-worklets:generateJsonModelRelease
> Task :react-native-worklets:prefabReleaseConfigurePackage
> Task :react-native-svg:prepareReleaseArtProfile

> Task :react-native-view-shot:extractReleaseAnnotations
Warning: fr.greweb.reactnativeviewshot.ViewShot.Formats: The typedef annotation should have @Retention(RetentionPolicy.SOURCE)
Warning: fr.greweb.reactnativeviewshot.ViewShot.Results: The typedef annotation should have @Retention(RetentionPolicy.SOURCE)

> Task :react-native-worklets:prefabReleasePackage
> Task :react-native-view-shot:syncReleaseLibJars
> Task :react-native-svg:bundleLibRuntimeToJarRelease
> Task :react-native-svg:mergeReleaseShaders
> Task :react-native-svg:bundleLibCompileToJarRelease
> Task :react-native-view-shot:bundleReleaseLocalLintAar
> Task :react-native-svg:compileReleaseShaders NO-SOURCE
> Task :react-native-svg:generateReleaseAssets UP-TO-DATE
> Task :react-native-svg:mergeReleaseAssets
> Task :react-native-svg:processReleaseJavaRes NO-SOURCE
> Task :react-native-worklets:mergeReleaseJniLibFolders
> Task :react-native-svg:createFullJarRelease
> Task :react-native-worklets:checkKotlinGradlePluginConfigurationErrors SKIPPED
> Task :react-native-svg:extractProguardFiles
> Task :expo-modules-core:configureCMakeRelWithDebInfo[arm64-v8a]
> Task :react-native-reanimated:configureCMakeRelWithDebInfo[arm64-v8a]
> Task :react-native-reanimated:generateJsonModelRelease
> Task :react-native-svg:bundleLibRuntimeToDirRelease
> Task :react-native-reanimated:prefabReleaseConfigurePackage
> Task :react-native-worklets:generateReleaseBuildConfig
> Task :react-native-worklets:generateReleaseResValues
> Task :react-native-worklets:generateReleaseResources
> Task :react-native-svg:generateReleaseLintModel
> Task :react-native-svg:stripReleaseDebugSymbols NO-SOURCE
> Task :react-native-svg:prepareLintJarForPublish
> Task :react-native-worklets:packageReleaseResources
> Task :react-native-svg:extractDeepLinksForAarRelease
> Task :react-native-svg:copyReleaseJniLibsProjectAndLocalJars
> Task :react-native-worklets:parseReleaseLocalResources
> Task :react-native-worklets:javaPreCompileRelease
> Task :react-native-worklets:generateReleaseRFile
> Task :react-native-worklets:writeReleaseAarMetadata
> Task :react-native-worklets:mergeReleaseNativeLibs
> Task :react-native-svg:extractReleaseAnnotations
> Task :react-native-svg:mergeReleaseGeneratedProguardFiles
> Task :react-native-svg:mergeReleaseConsumerProguardFiles
> Task :react-native-svg:writeReleaseLintModelMetadata
> Task :react-native-svg:mergeReleaseJavaResource
> Task :react-native-svg:syncReleaseLibJars
> Task :react-native-worklets:extractDeepLinksRelease
> Task :react-native-svg:bundleReleaseLocalLintAar
> Task :react-native-worklets:processReleaseManifest
> Task :react-native-worklets:compileReleaseLibraryResources
> Task :react-native-worklets:prepareReleaseArtProfile
> Task :react-native-worklets:copyReleaseJniLibsProjectOnly
> Task :react-native-worklets:mergeReleaseShaders
> Task :react-native-worklets:compileReleaseShaders NO-SOURCE
> Task :react-native-worklets:generateReleaseAssets UP-TO-DATE
> Task :react-native-svg:generateReleaseLintVitalModel
> Task :react-native-worklets:mergeReleaseAssets
> Task :react-native-worklets:extractProguardFiles
> Task :react-native-worklets:extractDeepLinksForAarRelease
> Task :react-native-worklets:prepareLintJarForPublish
> Task :react-native-worklets:writeReleaseLintModelMetadata
> Task :react-native-worklets:stripReleaseDebugSymbols
> Task :react-native-worklets:copyReleaseJniLibsProjectAndLocalJars
> Task :react-native-view-shot:lintVitalAnalyzeRelease
> Task :react-native-masked-view_masked-view:lintVitalAnalyzeRelease

> Task :app:createBundleReleaseJsAndAssets
| (node:488035) Warning: The 'NO_COLOR' env is ignored due to the 'FORCE_COLOR' env being set.
| (Use `node --trace-warnings ...` to show where the warning was created)

> Task :expo-modules-core:buildCMakeRelWithDebInfo[arm64-v8a]
> Task :expo-modules-core:mergeReleaseNativeLibs
> Task :expo-modules-core:stripReleaseDebugSymbols
> Task :expo-modules-core:copyReleaseJniLibsProjectAndLocalJars
> Task :expo-modules-core:copyReleaseJniLibsProjectOnly

> Task :react-native-safe-area-context:compileReleaseKotlin
w: file:///home/odin/Dungeon/Personal/xc-mvp/node_modules/.pnpm/react-native-safe-area-context@5.7.0_react-native@0.86.2_@babel+core@7.29.7_@react-nati_6f8072434c822646d5577aeb45054a3c/node_modules/react-native-safe-area-context/android/src/main/java/com/th3rdwave/safeareacontext/SafeAreaProviderManager.kt:39:19 'fun getEventDispatcherForReactTag(context: ReactContext, reactTag: Int): EventDispatcher?' is deprecated. reactTag is no longer needed.
w: file:///home/odin/Dungeon/Personal/xc-mvp/node_modules/.pnpm/react-native-safe-area-context@5.7.0_react-native@0.86.2_@babel+core@7.29.7_@react-nati_6f8072434c822646d5577aeb45054a3c/node_modules/react-native-safe-area-context/android/src/main/java/com/th3rdwave/safeareacontext/SafeAreaView.kt:9:8 'class UIManagerModule : ReactContextBaseJavaModule, LifecycleEventListener, UIManager' is deprecated. Deprecated in Java.
w: file:///home/odin/Dungeon/Personal/xc-mvp/node_modules/.pnpm/react-native-safe-area-context@5.7.0_react-native@0.86.2_@babel+core@7.29.7_@react-nati_6f8072434c822646d5577aeb45054a3c/node_modules/react-native-safe-area-context/android/src/main/java/com/th3rdwave/safeareacontext/SafeAreaView.kt:50:54 'class UIManagerModule : ReactContextBaseJavaModule, LifecycleEventListener, UIManager' is deprecated. Deprecated in Java.
w: file:///home/odin/Dungeon/Personal/xc-mvp/node_modules/.pnpm/react-native-safe-area-context@5.7.0_react-native@0.86.2_@babel+core@7.29.7_@react-nati_6f8072434c822646d5577aeb45054a3c/node_modules/react-native-safe-area-context/android/src/main/java/com/th3rdwave/safeareacontext/SafeAreaView.kt:59:23 'val uiImplementation: UIImplementation!' is deprecated. Deprecated in Java.
w: file:///home/odin/Dungeon/Personal/xc-mvp/node_modules/.pnpm/react-native-safe-area-context@5.7.0_react-native@0.86.2_@babel+core@7.29.7_@react-nati_6f8072434c822646d5577aeb45054a3c/node_modules/react-native-safe-area-context/android/src/main/java/com/th3rdwave/safeareacontext/SafeAreaViewShadowNode.kt:9:32 'class LayoutShadowNode : ReactShadowNodeImpl' is deprecated. This class is part of Legacy Architecture and will be removed in a future release.
w: file:///home/odin/Dungeon/Personal/xc-mvp/node_modules/.pnpm/react-native-safe-area-context@5.7.0_react-native@0.86.2_@babel+core@7.29.7_@react-nati_6f8072434c822646d5577aeb45054a3c/node_modules/react-native-safe-area-context/android/src/main/java/com/th3rdwave/safeareacontext/SafeAreaViewShadowNode.kt:110:61 'class NativeViewHierarchyOptimizer : Any' is deprecated. This class is part of Legacy Architecture and will be removed in a future release.

> Task :react-native-worklets:compileReleaseKotlin
> Task :react-native-worklets:compileReleaseJavaWithJavac
> Task :react-native-worklets:bundleLibCompileToJarRelease
> Task :react-native-worklets:bundleLibRuntimeToDirRelease
> Task :react-native-worklets:bundleLibRuntimeToJarRelease
> Task :react-native-worklets:processReleaseJavaRes
> Task :react-native-safe-area-context:compileReleaseJavaWithJavac

> Task :app:createBundleReleaseJsAndAssets
| (node:488035) Warning: The 'NO_COLOR' env is ignored due to the 'FORCE_COLOR' env being set.
| (Use `node --trace-warnings ...` to show where the warning was created)
| (node:488035) Warning: The 'NO_COLOR' env is ignored due to the 'FORCE_COLOR' env being set.
| (Use `node --trace-warnings ...` to show where the warning was created)

> Task :react-native-worklets:createFullJarRelease
> Task :react-native-safe-area-context:bundleLibCompileToJarRelease
> Task :react-native-safe-area-context:bundleLibRuntimeToJarRelease
> Task :react-native-safe-area-context:processReleaseJavaRes
> Task :react-native-safe-area-context:bundleLibRuntimeToDirRelease
> Task :react-native-safe-area-context:createFullJarRelease
> Task :react-native-safe-area-context:generateReleaseLintModel
> Task :react-native-worklets:generateReleaseLintModel
> Task :react-native-safe-area-context:extractReleaseAnnotations
> Task :react-native-safe-area-context:mergeReleaseGeneratedProguardFiles
> Task :react-native-safe-area-context:mergeReleaseConsumerProguardFiles
> Task :react-native-worklets:extractReleaseAnnotations
> Task :react-native-safe-area-context:mergeReleaseJavaResource
> Task :react-native-worklets:mergeReleaseGeneratedProguardFiles
> Task :react-native-worklets:mergeReleaseConsumerProguardFiles
> Task :react-native-worklets:lintVitalAnalyzeRelease SKIPPED
> Task :react-native-worklets:mergeReleaseJavaResource
> Task :react-native-worklets:generateReleaseLintVitalModel
> Task :react-native-worklets:syncReleaseLibJars
> Task :react-native-safe-area-context:syncReleaseLibJars
> Task :react-native-safe-area-context:bundleReleaseLocalLintAar
> Task :react-native-safe-area-context:generateReleaseLintVitalModel
> Task :react-native-worklets:bundleReleaseLocalLintAar

> Task :app:createBundleReleaseJsAndAssets
| (node:488035) Warning: The 'NO_COLOR' env is ignored due to the 'FORCE_COLOR' env being set.
| (Use `node --trace-warnings ...` to show where the warning was created)
| (node:488035) Warning: The 'NO_COLOR' env is ignored due to the 'FORCE_COLOR' env being set.
| (Use `node --trace-warnings ...` to show where the warning was created)

> Task :react-native-svg:lintVitalAnalyzeRelease

> Task :app:createBundleReleaseJsAndAssets
| (node:488035) Warning: The 'NO_COLOR' env is ignored due to the 'FORCE_COLOR' env being set.
| (Use `node --trace-warnings ...` to show where the warning was created)
| (node:488035) Warning: The 'NO_COLOR' env is ignored due to the 'FORCE_COLOR' env being set.
| (Use `node --trace-warnings ...` to show where the warning was created)
| (node:488035) Warning: The 'NO_COLOR' env is ignored due to the 'FORCE_COLOR' env being set.
| (Use `node --trace-warnings ...` to show where the warning was created)
| (node:488035) Warning: The 'NO_COLOR' env is ignored due to the 'FORCE_COLOR' env being set.
| (Use `node --trace-warnings ...` to show where the warning was created)
| (node:488035) Warning: The 'NO_COLOR' env is ignored due to the 'FORCE_COLOR' env being set.
| (Use `node --trace-warnings ...` to show where the warning was created)
| (node:488035) Warning: The 'NO_COLOR' env is ignored due to the 'FORCE_COLOR' env being set.
| (Use `node --trace-warnings ...` to show where the warning was created)
| (node:488035) Warning: The 'NO_COLOR' env is ignored due to the 'FORCE_COLOR' env being set.
| (Use `node --trace-warnings ...` to show where the warning was created)

> Task :react-native-safe-area-context:lintVitalAnalyzeRelease

> Task :app:createBundleReleaseJsAndAssets
| (node:488035) Warning: The 'NO_COLOR' env is ignored due to the 'FORCE_COLOR' env being set.
| (Use `node --trace-warnings ...` to show where the warning was created)
| (node:488035) Warning: The 'NO_COLOR' env is ignored due to the 'FORCE_COLOR' env being set.
| (Use `node --trace-warnings ...` to show where the warning was created)

> Task :rnmapbox_maps:compileReleaseKotlin
> Task :react-native-screens:compileReleaseKotlin
> Task :react-native-gesture-handler:configureCMakeRelWithDebInfo[arm64-v8a]
> Task :react-native-reanimated:buildCMakeRelWithDebInfo[arm64-v8a][reanimated]

> Task :react-native-screens:compileReleaseKotlin
w: file:///home/odin/Dungeon/Personal/xc-mvp/node_modules/.pnpm/react-native-screens@4.26.2_react-native@0.86.2_@babel+core@7.29.7_@react-native+jest-p_17b34e643643a6e053878c0cd446091f/node_modules/react-native-screens/android/src/main/java/com/swmansion/rnscreens/RNScreensPackage.kt:70:9 The corresponding parameter in the supertype 'BaseReactPackage' is named 'name'. This may cause problems when calling this function with named arguments.
w: file:///home/odin/Dungeon/Personal/xc-mvp/node_modules/.pnpm/react-native-screens@4.26.2_react-native@0.86.2_@babel+core@7.29.7_@react-native+jest-p_17b34e643643a6e053878c0cd446091f/node_modules/react-native-screens/android/src/main/java/com/swmansion/rnscreens/RNScreensPackage.kt:71:9 The corresponding parameter in the supertype 'BaseReactPackage' is named 'reactContext'. This may cause problems when calling this function with named arguments.
w: file:///home/odin/Dungeon/Personal/xc-mvp/node_modules/.pnpm/react-native-screens@4.26.2_react-native@0.86.2_@babel+core@7.29.7_@react-native+jest-p_17b34e643643a6e053878c0cd446091f/node_modules/react-native-screens/android/src/main/java/com/swmansion/rnscreens/RNScreensPackage.kt:83:17 'constructor(name: String, className: String, canOverrideExistingModule: Boolean, needsEagerInit: Boolean, hasConstants: Boolean, isCxxModule: Boolean, isTurboModule: Boolean): ReactModuleInfo' is deprecated. This constructor is deprecated and will be removed in the future. Use ReactModuleInfo(String, String, boolean, boolean, boolean, boolean)].
w: file:///home/odin/Dungeon/Personal/xc-mvp/node_modules/.pnpm/react-native-screens@4.26.2_react-native@0.86.2_@babel+core@7.29.7_@react-native+jest-p_17b34e643643a6e053878c0cd446091f/node_modules/react-native-screens/android/src/main/java/com/swmansion/rnscreens/Screen.kt:54:77 Unchecked cast of '(CoordinatorLayout.Behavior<View!>?..CoordinatorLayout.Behavior<*>?)' to 'BottomSheetBehavior<Screen>'.
w: file:///home/odin/Dungeon/Personal/xc-mvp/node_modules/.pnpm/react-native-screens@4.26.2_react-native@0.86.2_@babel+core@7.29.7_@react-native+jest-p_17b34e643643a6e053878c0cd446091f/node_modules/react-native-screens/android/src/main/java/com/swmansion/rnscreens/Screen.kt:59:33 'fun getEventDispatcherForReactTag(context: ReactContext, reactTag: Int): EventDispatcher?' is deprecated. reactTag is no longer needed.
w: file:///home/odin/Dungeon/Personal/xc-mvp/node_modules/.pnpm/react-native-screens@4.26.2_react-native@0.86.2_@babel+core@7.29.7_@react-native+jest-p_17b34e643643a6e053878c0cd446091f/node_modules/react-native-screens/android/src/main/java/com/swmansion/rnscreens/Screen.kt:516:14 'fun getEventDispatcherForReactTag(context: ReactContext, reactTag: Int): EventDispatcher?' is deprecated. reactTag is no longer needed.
w: file:///home/odin/Dungeon/Personal/xc-mvp/node_modules/.pnpm/react-native-screens@4.26.2_react-native@0.86.2_@babel+core@7.29.7_@react-native+jest-p_17b34e643643a6e053878c0cd446091f/node_modules/react-native-screens/android/src/main/java/com/swmansion/rnscreens/ScreenContainer.kt:250:18 'fun getEventDispatcherForReactTag(context: ReactContext, reactTag: Int): EventDispatcher?' is deprecated. reactTag is no longer needed.
w: file:///home/odin/Dungeon/Personal/xc-mvp/node_modules/.pnpm/react-native-screens@4.26.2_react-native@0.86.2_@babel+core@7.29.7_@react-native+jest-p_17b34e643643a6e053878c0cd446091f/node_modules/react-native-screens/android/src/main/java/com/swmansion/rnscreens/ScreenContainer.kt:260:18 'fun getEventDispatcherForReactTag(context: ReactContext, reactTag: Int): EventDispatcher?' is deprecated. reactTag is no longer needed.
w: file:///home/odin/Dungeon/Personal/xc-mvp/node_modules/.pnpm/react-native-screens@4.26.2_react-native@0.86.2_@babel+core@7.29.7_@react-native+jest-p_17b34e643643a6e053878c0cd446091f/node_modules/react-native-screens/android/src/main/java/com/swmansion/rnscreens/ScreenFragment.kt:225:37 'fun getEventDispatcherForReactTag(context: ReactContext, reactTag: Int): EventDispatcher?' is deprecated. reactTag is no longer needed.
w: file:///home/odin/Dungeon/Personal/xc-mvp/node_modules/.pnpm/react-native-screens@4.26.2_react-native@0.86.2_@babel+core@7.29.7_@react-native+jest-p_17b34e643643a6e053878c0cd446091f/node_modules/react-native-screens/android/src/main/java/com/swmansion/rnscreens/ScreenFragment.kt:242:14 'fun getEventDispatcherForReactTag(context: ReactContext, reactTag: Int): EventDispatcher?' is deprecated. reactTag is no longer needed.
w: file:///home/odin/Dungeon/Personal/xc-mvp/node_modules/.pnpm/react-native-screens@4.26.2_react-native@0.86.2_@babel+core@7.29.7_@react-native+jest-p_17b34e643643a6e053878c0cd446091f/node_modules/react-native-screens/android/src/main/java/com/swmansion/rnscreens/ScreenFragment.kt:258:22 'fun getEventDispatcherForReactTag(context: ReactContext, reactTag: Int): EventDispatcher?' is deprecated. reactTag is no longer needed.
w: file:///home/odin/Dungeon/Personal/xc-mvp/node_modules/.pnpm/react-native-screens@4.26.2_react-native@0.86.2_@babel+core@7.29.7_@react-native+jest-p_17b34e643643a6e053878c0cd446091f/node_modules/react-native-screens/android/src/main/java/com/swmansion/rnscreens/ScreenFragment.kt:327:22 'fun getEventDispatcherForReactTag(context: ReactContext, reactTag: Int): EventDispatcher?' is deprecated. reactTag is no longer needed.
w: file:///home/odin/Dungeon/Personal/xc-mvp/node_modules/.pnpm/react-native-screens@4.26.2_react-native@0.86.2_@babel+core@7.29.7_@react-native+jest-p_17b34e643643a6e053878c0cd446091f/node_modules/react-native-screens/android/src/main/java/com/swmansion/rnscreens/ScreenModalFragment.kt:180:22 'fun getEventDispatcherForReactTag(context: ReactContext, reactTag: Int): EventDispatcher?' is deprecated. reactTag is no longer needed.
w: file:///home/odin/Dungeon/Personal/xc-mvp/node_modules/.pnpm/react-native-screens@4.26.2_react-native@0.86.2_@babel+core@7.29.7_@react-native+jest-p_17b34e643643a6e053878c0cd446091f/node_modules/react-native-screens/android/src/main/java/com/swmansion/rnscreens/ScreenStack.kt:120:14 'fun getEventDispatcherForReactTag(context: ReactContext, reactTag: Int): EventDispatcher?' is deprecated. reactTag is no longer needed.
w: file:///home/odin/Dungeon/Personal/xc-mvp/node_modules/.pnpm/react-native-screens@4.26.2_react-native@0.86.2_@babel+core@7.29.7_@react-native+jest-p_17b34e643643a6e053878c0cd446091f/node_modules/react-native-screens/android/src/main/java/com/swmansion/rnscreens/ScreenStackFragment.kt:173:18 'fun getEventDispatcherForReactTag(context: ReactContext, reactTag: Int): EventDispatcher?' is deprecated. reactTag is no longer needed.
w: file:///home/odin/Dungeon/Personal/xc-mvp/node_modules/.pnpm/react-native-screens@4.26.2_react-native@0.86.2_@babel+core@7.29.7_@react-native+jest-p_17b34e643643a6e053878c0cd446091f/node_modules/react-native-screens/android/src/main/java/com/swmansion/rnscreens/ScreenStackFragment.kt:230:31 'var targetElevation: Float' is deprecated. Deprecated in Java.
w: file:///home/odin/Dungeon/Personal/xc-mvp/node_modules/.pnpm/react-native-screens@4.26.2_react-native@0.86.2_@babel+core@7.29.7_@react-native+jest-p_17b34e643643a6e053878c0cd446091f/node_modules/react-native-screens/android/src/main/java/com/swmansion/rnscreens/ScreenStackFragment.kt:233:13 'fun setHasOptionsMenu(p0: Boolean): Unit' is deprecated. Deprecated in Java.
w: file:///home/odin/Dungeon/Personal/xc-mvp/node_modules/.pnpm/react-native-screens@4.26.2_react-native@0.86.2_@babel+core@7.29.7_@react-native+jest-p_17b34e643643a6e053878c0cd446091f/node_modules/react-native-screens/android/src/main/java/com/swmansion/rnscreens/ScreenStackFragment.kt:443:18 This declaration overrides a deprecated member but is not marked as deprecated itself. Add the '@Deprecated' annotation or suppress the diagnostic.
w: file:///home/odin/Dungeon/Personal/xc-mvp/node_modules/.pnpm/react-native-screens@4.26.2_react-native@0.86.2_@babel+core@7.29.7_@react-native+jest-p_17b34e643643a6e053878c0cd446091f/node_modules/react-native-screens/android/src/main/java/com/swmansion/rnscreens/ScreenStackFragment.kt:450:22 'fun onPrepareOptionsMenu(p0: Menu): Unit' is deprecated. Deprecated in Java.
w: file:///home/odin/Dungeon/Personal/xc-mvp/node_modules/.pnpm/react-native-screens@4.26.2_react-native@0.86.2_@babel+core@7.29.7_@react-native+jest-p_17b34e643643a6e053878c0cd446091f/node_modules/react-native-screens/android/src/main/java/com/swmansion/rnscreens/ScreenStackFragment.kt:453:18 This declaration overrides a deprecated member but is not marked as deprecated itself. Add the '@Deprecated' annotation or suppress the diagnostic.
w: file:///home/odin/Dungeon/Personal/xc-mvp/node_modules/.pnpm/react-native-screens@4.26.2_react-native@0.86.2_@babel+core@7.29.7_@react-native+jest-p_17b34e643643a6e053878c0cd446091f/node_modules/react-native-screens/android/src/main/java/com/swmansion/rnscreens/ScreenStackFragment.kt:458:22 'fun onCreateOptionsMenu(p0: Menu, p1: MenuInflater): Unit' is deprecated. Deprecated in Java.
w: file:///home/odin/Dungeon/Personal/xc-mvp/node_modules/.pnpm/react-native-screens@4.26.2_react-native@0.86.2_@babel+core@7.29.7_@react-native+jest-p_17b34e643643a6e053878c0cd446091f/node_modules/react-native-screens/android/src/main/java/com/swmansion/rnscreens/ScreenStackHeaderConfig.kt:199:14 'fun getEventDispatcherForReactTag(context: ReactContext, reactTag: Int): EventDispatcher?' is deprecated. reactTag is no longer needed.
w: file:///home/odin/Dungeon/Personal/xc-mvp/node_modules/.pnpm/react-native-screens@4.26.2_react-native@0.86.2_@babel+core@7.29.7_@react-native+jest-p_17b34e643643a6e053878c0cd446091f/node_modules/react-native-screens/android/src/main/java/com/swmansion/rnscreens/ScreenStackHeaderConfig.kt:209:14 'fun getEventDispatcherForReactTag(context: ReactContext, reactTag: Int): EventDispatcher?' is deprecated. reactTag is no longer needed.
w: file:///home/odin/Dungeon/Personal/xc-mvp/node_modules/.pnpm/react-native-screens@4.26.2_react-native@0.86.2_@babel+core@7.29.7_@react-native+jest-p_17b34e643643a6e053878c0cd446091f/node_modules/react-native-screens/android/src/main/java/com/swmansion/rnscreens/ScreenWindowTraits.kt:48:42 'fun replaceSystemWindowInsets(p0: Int, p1: Int, p2: Int, p3: Int): @NonNull() WindowInsetsCompat' is deprecated. Deprecated in Java.
w: file:///home/odin/Dungeon/Personal/xc-mvp/node_modules/.pnpm/react-native-screens@4.26.2_react-native@0.86.2_@babel+core@7.29.7_@react-native+jest-p_17b34e643643a6e053878c0cd446091f/node_modules/react-native-screens/android/src/main/java/com/swmansion/rnscreens/ScreenWindowTraits.kt:49:39 'val systemWindowInsetLeft: Int' is deprecated. Deprecated in Java.
w: file:///home/odin/Dungeon/Personal/xc-mvp/node_modules/.pnpm/react-native-screens@4.26.2_react-native@0.86.2_@babel+core@7.29.7_@react-native+jest-p_17b34e643643a6e053878c0cd446091f/node_modules/react-native-screens/android/src/main/java/com/swmansion/rnscreens/ScreenWindowTraits.kt:51:39 'val systemWindowInsetRight: Int' is deprecated. Deprecated in Java.
w: file:///home/odin/Dungeon/Personal/xc-mvp/node_modules/.pnpm/react-native-screens@4.26.2_react-native@0.86.2_@babel+core@7.29.7_@react-native+jest-p_17b34e643643a6e053878c0cd446091f/node_modules/react-native-screens/android/src/main/java/com/swmansion/rnscreens/ScreenWindowTraits.kt:52:39 'val systemWindowInsetBottom: Int' is deprecated. Deprecated in Java.
w: file:///home/odin/Dungeon/Personal/xc-mvp/node_modules/.pnpm/react-native-screens@4.26.2_react-native@0.86.2_@babel+core@7.29.7_@react-native+jest-p_17b34e643643a6e053878c0cd446091f/node_modules/react-native-screens/android/src/main/java/com/swmansion/rnscreens/ScreensModule.kt:100:14 'fun getEventDispatcherForReactTag(context: ReactContext, reactTag: Int): EventDispatcher?' is deprecated. reactTag is no longer needed.
w: file:///home/odin/Dungeon/Personal/xc-mvp/node_modules/.pnpm/react-native-screens@4.26.2_react-native@0.86.2_@babel+core@7.29.7_@react-native+jest-p_17b34e643643a6e053878c0cd446091f/node_modules/react-native-screens/android/src/main/java/com/swmansion/rnscreens/SearchBarView.kt:137:29 'fun getEventDispatcherForReactTag(context: ReactContext, reactTag: Int): EventDispatcher?' is deprecated. reactTag is no longer needed.
w: file:///home/odin/Dungeon/Personal/xc-mvp/node_modules/.pnpm/react-native-screens@4.26.2_react-native@0.86.2_@babel+core@7.29.7_@react-native+jest-p_17b34e643643a6e053878c0cd446091f/node_modules/react-native-screens/android/src/main/java/com/swmansion/rnscreens/bottomsheet/BottomSheetDialogRootView.kt:7:8 'object ReactFeatureFlags : Any' is deprecated. Use com.facebook.react.internal.featureflags.ReactNativeFeatureFlags instead.
w: file:///home/odin/Dungeon/Personal/xc-mvp/node_modules/.pnpm/react-native-screens@4.26.2_react-native@0.86.2_@babel+core@7.29.7_@react-native+jest-p_17b34e643643a6e053878c0cd446091f/node_modules/react-native-screens/android/src/main/java/com/swmansion/rnscreens/bottomsheet/BottomSheetDialogRootView.kt:25:13 'object ReactFeatureFlags : Any' is deprecated. Use com.facebook.react.internal.featureflags.ReactNativeFeatureFlags instead.
w: file:///home/odin/Dungeon/Personal/xc-mvp/node_modules/.pnpm/react-native-screens@4.26.2_react-native@0.86.2_@babel+core@7.29.7_@react-native+jest-p_17b34e643643a6e053878c0cd446091f/node_modules/react-native-screens/android/src/main/java/com/swmansion/rnscreens/bottomsheet/BottomSheetDialogRootView.kt:32:9 The corresponding parameter in the supertype 'ReactViewGroup' is named 'left'. This may cause problems when calling this function with named arguments.
w: file:///home/odin/Dungeon/Personal/xc-mvp/node_modules/.pnpm/react-native-screens@4.26.2_react-native@0.86.2_@babel+core@7.29.7_@react-native+jest-p_17b34e643643a6e053878c0cd446091f/node_modules/react-native-screens/android/src/main/java/com/swmansion/rnscreens/bottomsheet/BottomSheetDialogRootView.kt:33:9 The corresponding parameter in the supertype 'ReactViewGroup' is named 'top'. This may cause problems when calling this function with named arguments.
w: file:///home/odin/Dungeon/Personal/xc-mvp/node_modules/.pnpm/react-native-screens@4.26.2_react-native@0.86.2_@babel+core@7.29.7_@react-native+jest-p_17b34e643643a6e053878c0cd446091f/node_modules/react-native-screens/android/src/main/java/com/swmansion/rnscreens/bottomsheet/BottomSheetDialogRootView.kt:34:9 The corresponding parameter in the supertype 'ReactViewGroup' is named 'right'. This may cause problems when calling this function with named arguments.
w: file:///home/odin/Dungeon/Personal/xc-mvp/node_modules/.pnpm/react-native-screens@4.26.2_react-native@0.86.2_@babel+core@7.29.7_@react-native+jest-p_17b34e643643a6e053878c0cd446091f/node_modules/react-native-screens/android/src/main/java/com/swmansion/rnscreens/bottomsheet/BottomSheetDialogRootView.kt:35:9 The corresponding parameter in the supertype 'ReactViewGroup' is named 'bottom'. This may cause problems when calling this function with named arguments.
w: file:///home/odin/Dungeon/Personal/xc-mvp/node_modules/.pnpm/react-native-screens@4.26.2_react-native@0.86.2_@babel+core@7.29.7_@react-native+jest-p_17b34e643643a6e053878c0cd446091f/node_modules/react-native-screens/android/src/main/java/com/swmansion/rnscreens/bottomsheet/BottomSheetDialogRootView.kt:71:9 The corresponding parameter in the supertype 'RootView' is named 'childView'. This may cause problems when calling this function with named arguments.
w: file:///home/odin/Dungeon/Personal/xc-mvp/node_modules/.pnpm/react-native-screens@4.26.2_react-native@0.86.2_@babel+core@7.29.7_@react-native+jest-p_17b34e643643a6e053878c0cd446091f/node_modules/react-native-screens/android/src/main/java/com/swmansion/rnscreens/bottomsheet/BottomSheetDialogRootView.kt:72:9 The corresponding parameter in the supertype 'RootView' is named 'ev'. This may cause problems when calling this function with named arguments.
w: file:///home/odin/Dungeon/Personal/xc-mvp/node_modules/.pnpm/react-native-screens@4.26.2_react-native@0.86.2_@babel+core@7.29.7_@react-native+jest-p_17b34e643643a6e053878c0cd446091f/node_modules/react-native-screens/android/src/main/java/com/swmansion/rnscreens/bottomsheet/BottomSheetDialogRootView.kt:79:46 The corresponding parameter in the supertype 'RootView' is named 'ev'. This may cause problems when calling this function with named arguments.
w: file:///home/odin/Dungeon/Personal/xc-mvp/node_modules/.pnpm/react-native-screens@4.26.2_react-native@0.86.2_@babel+core@7.29.7_@react-native+jest-p_17b34e643643a6e053878c0cd446091f/node_modules/react-native-screens/android/src/main/java/com/swmansion/rnscreens/bottomsheet/BottomSheetDialogRootView.kt:83:9 The corresponding parameter in the supertype 'RootView' is named 'childView'. This may cause problems when calling this function with named arguments.
w: file:///home/odin/Dungeon/Personal/xc-mvp/node_modules/.pnpm/react-native-screens@4.26.2_react-native@0.86.2_@babel+core@7.29.7_@react-native+jest-p_17b34e643643a6e053878c0cd446091f/node_modules/react-native-screens/android/src/main/java/com/swmansion/rnscreens/bottomsheet/BottomSheetDialogRootView.kt:84:9 The corresponding parameter in the supertype 'RootView' is named 'ev'. This may cause problems when calling this function with named arguments.
w: file:///home/odin/Dungeon/Personal/xc-mvp/node_modules/.pnpm/react-native-screens@4.26.2_react-native@0.86.2_@babel+core@7.29.7_@react-native+jest-p_17b34e643643a6e053878c0cd446091f/node_modules/react-native-screens/android/src/main/java/com/swmansion/rnscreens/bottomsheet/BottomSheetDialogRootView.kt:95:34 The corresponding parameter in the supertype 'RootView' is named 't'. This may cause problems when calling this function with named arguments.
w: file:///home/odin/Dungeon/Personal/xc-mvp/node_modules/.pnpm/react-native-screens@4.26.2_react-native@0.86.2_@babel+core@7.29.7_@react-native+jest-p_17b34e643643a6e053878c0cd446091f/node_modules/react-native-screens/android/src/main/java/com/swmansion/rnscreens/bottomsheet/DimmingView.kt:64:9 The corresponding parameter in the supertype 'ReactCompoundView' is named 'touchX'. This may cause problems when calling this function with named arguments.
w: file:///home/odin/Dungeon/Personal/xc-mvp/node_modules/.pnpm/react-native-screens@4.26.2_react-native@0.86.2_@babel+core@7.29.7_@react-native+jest-p_17b34e643643a6e053878c0cd446091f/node_modules/react-native-screens/android/src/main/java/com/swmansion/rnscreens/bottomsheet/DimmingView.kt:65:9 The corresponding parameter in the supertype 'ReactCompoundView' is named 'touchY'. This may cause problems when calling this function with named arguments.
w: file:///home/odin/Dungeon/Personal/xc-mvp/node_modules/.pnpm/react-native-screens@4.26.2_react-native@0.86.2_@babel+core@7.29.7_@react-native+jest-p_17b34e643643a6e053878c0cd446091f/node_modules/react-native-screens/android/src/main/java/com/swmansion/rnscreens/bottomsheet/DimmingView.kt:69:9 The corresponding parameter in the supertype 'ReactCompoundViewGroup' is named 'touchX'. This may cause problems when calling this function with named arguments.
w: file:///home/odin/Dungeon/Personal/xc-mvp/node_modules/.pnpm/react-native-screens@4.26.2_react-native@0.86.2_@babel+core@7.29.7_@react-native+jest-p_17b34e643643a6e053878c0cd446091f/node_modules/react-native-screens/android/src/main/java/com/swmansion/rnscreens/bottomsheet/DimmingView.kt:70:9 The corresponding parameter in the supertype 'ReactCompoundViewGroup' is named 'touchY'. This may cause problems when calling this function with named arguments.
w: file:///home/odin/Dungeon/Personal/xc-mvp/node_modules/.pnpm/react-native-screens@4.26.2_react-native@0.86.2_@babel+core@7.29.7_@react-native+jest-p_17b34e643643a6e053878c0cd446091f/node_modules/react-native-screens/android/src/main/java/com/swmansion/rnscreens/gamma/common/event/BaseEventEmitter.kt:12:38 'fun getEventDispatcherForReactTag(context: ReactContext, reactTag: Int): EventDispatcher?' is deprecated. reactTag is no longer needed.
w: file:///home/odin/Dungeon/Personal/xc-mvp/node_modules/.pnpm/react-native-screens@4.26.2_react-native@0.86.2_@babel+core@7.29.7_@react-native+jest-p_17b34e643643a6e053878c0cd446091f/node_modules/react-native-screens/android/src/main/java/com/swmansion/rnscreens/gamma/modals/dimmingview/DimmingView.kt:64:9 The corresponding parameter in the supertype 'ReactCompoundView' is named 'touchX'. This may cause problems when calling this function with named arguments.
w: file:///home/odin/Dungeon/Personal/xc-mvp/node_modules/.pnpm/react-native-screens@4.26.2_react-native@0.86.2_@babel+core@7.29.7_@react-native+jest-p_17b34e643643a6e053878c0cd446091f/node_modules/react-native-screens/android/src/main/java/com/swmansion/rnscreens/gamma/modals/dimmingview/DimmingView.kt:65:9 The corresponding parameter in the supertype 'ReactCompoundView' is named 'touchY'. This may cause problems when calling this function with named arguments.
w: file:///home/odin/Dungeon/Personal/xc-mvp/node_modules/.pnpm/react-native-screens@4.26.2_react-native@0.86.2_@babel+core@7.29.7_@react-native+jest-p_17b34e643643a6e053878c0cd446091f/node_modules/react-native-screens/android/src/main/java/com/swmansion/rnscreens/gamma/modals/dimmingview/DimmingView.kt:69:9 The corresponding parameter in the supertype 'ReactCompoundViewGroup' is named 'touchX'. This may cause problems when calling this function with named arguments.
w: file:///home/odin/Dungeon/Personal/xc-mvp/node_modules/.pnpm/react-native-screens@4.26.2_react-native@0.86.2_@babel+core@7.29.7_@react-native+jest-p_17b34e643643a6e053878c0cd446091f/node_modules/react-native-screens/android/src/main/java/com/swmansion/rnscreens/gamma/modals/dimmingview/DimmingView.kt:70:9 The corresponding parameter in the supertype 'ReactCompoundViewGroup' is named 'touchY'. This may cause problems when calling this function with named arguments.
w: file:///home/odin/Dungeon/Personal/xc-mvp/node_modules/.pnpm/react-native-screens@4.26.2_react-native@0.86.2_@babel+core@7.29.7_@react-native+jest-p_17b34e643643a6e053878c0cd446091f/node_modules/react-native-screens/android/src/main/java/com/swmansion/rnscreens/gamma/modals/formsheet/FormSheetContentView.kt:11:8 'object ReactFeatureFlags : Any' is deprecated. Use com.facebook.react.internal.featureflags.ReactNativeFeatureFlags instead.
w: file:///home/odin/Dungeon/Personal/xc-mvp/node_modules/.pnpm/react-native-screens@4.26.2_react-native@0.86.2_@babel+core@7.29.7_@react-native+jest-p_17b34e643643a6e053878c0cd446091f/node_modules/react-native-screens/android/src/main/java/com/swmansion/rnscreens/gamma/modals/formsheet/FormSheetContentView.kt:39:33 'fun getEventDispatcher(context: ReactContext, uiManagerType: Int): EventDispatcher?' is deprecated. UIManagerType is no longer needed.
w: file:///home/odin/Dungeon/Personal/xc-mvp/node_modules/.pnpm/react-native-screens@4.26.2_react-native@0.86.2_@babel+core@7.29.7_@react-native+jest-p_17b34e643643a6e053878c0cd446091f/node_modules/react-native-screens/android/src/main/java/com/swmansion/rnscreens/gamma/modals/formsheet/FormSheetContentView.kt:44:13 'object ReactFeatureFlags : Any' is deprecated. Use com.facebook.react.internal.featureflags.ReactNativeFeatureFlags instead.
w: file:///home/odin/Dungeon/Personal/xc-mvp/node_modules/.pnpm/react-native-screens@4.26.2_react-native@0.86.2_@babel+core@7.29.7_@react-native+jest-p_17b34e643643a6e053878c0cd446091f/node_modules/react-native-screens/android/src/main/java/com/swmansion/rnscreens/gamma/modals/formsheet/FormSheetHostViewManager.kt:38:9 The corresponding parameter in the supertype 'FormSheetHostViewManager' is named 'view'. This may cause problems when calling this function with named arguments.
w: file:///home/odin/Dungeon/Personal/xc-mvp/node_modules/.pnpm/react-native-screens@4.26.2_react-native@0.86.2_@babel+core@7.29.7_@react-native+jest-p_17b34e643643a6e053878c0cd446091f/node_modules/react-native-screens/android/src/main/java/com/swmansion/rnscreens/gamma/tabs/host/TabsHostViewManager.kt:44:9 The corresponding parameter in the supertype 'TabsHostViewManager' is named 'view'. This may cause problems when calling this function with named arguments.
w: file:///home/odin/Dungeon/Personal/xc-mvp/node_modules/.pnpm/react-native-screens@4.26.2_react-native@0.86.2_@babel+core@7.29.7_@react-native+jest-p_17b34e643643a6e053878c0cd446091f/node_modules/react-native-screens/android/src/main/java/com/swmansion/rnscreens/safearea/SafeAreaView.kt:143:45 'fun consumeDisplayCutout(): @NonNull() WindowInsetsCompat' is deprecated. Deprecated in Java.

> Task :app:createBundleReleaseJsAndAssets
Android Bundled 29580ms index.js (2470 modules)
Writing bundle output to: /home/odin/Dungeon/Personal/xc-mvp/android/app/build/generated/assets/react/release/index.android.bundle
Writing sourcemap output to: /home/odin/Dungeon/Personal/xc-mvp/android/app/build/intermediates/sourcemaps/react/release/index.android.bundle.packager.map
Copying 43 asset files
Done writing bundle output
Done writing sourcemap output

> Task :react-native-screens:compileReleaseJavaWithJavac
> Task :react-native-screens:bundleLibCompileToJarRelease
> Task :react-native-screens:bundleLibRuntimeToJarRelease
> Task :react-native-screens:processReleaseJavaRes
> Task :react-native-screens:bundleLibRuntimeToDirRelease
> Task :react-native-screens:generateReleaseLintModel
> Task :react-native-screens:createFullJarRelease
> Task :react-native-screens:extractReleaseAnnotations
> Task :react-native-screens:mergeReleaseGeneratedProguardFiles
> Task :react-native-screens:mergeReleaseConsumerProguardFiles
> Task :react-native-screens:mergeReleaseJavaResource
> Task :expo-modules-core:compileReleaseKotlin
> Task :react-native-screens:syncReleaseLibJars
> Task :react-native-screens:bundleReleaseLocalLintAar
> Task :react-native-screens:generateReleaseLintVitalModel

> Task :rnmapbox_maps:compileReleaseKotlin
w: file:///home/odin/Dungeon/Personal/xc-mvp/node_modules/@rnmapbox/maps/android/src/main/java/com/rnmapbox/rnmbx/RNMBXPackage.kt:3:8 'class TurboReactPackage : BaseReactPackage' is deprecated. Use BaseReactPackage instead.
w: file:///home/odin/Dungeon/Personal/xc-mvp/node_modules/@rnmapbox/maps/android/src/main/java/com/rnmapbox/rnmbx/RNMBXPackage.kt:68:22 'class TurboReactPackage : BaseReactPackage' is deprecated. Use BaseReactPackage instead.
w: file:///home/odin/Dungeon/Personal/xc-mvp/node_modules/@rnmapbox/maps/android/src/main/java/com/rnmapbox/rnmbx/RNMBXPackage.kt:97:9 The corresponding parameter in the supertype 'BaseReactPackage' is named 'name'. This may cause problems when calling this function with named arguments.
w: file:///home/odin/Dungeon/Personal/xc-mvp/node_modules/@rnmapbox/maps/android/src/main/java/com/rnmapbox/rnmbx/RNMBXPackage.kt:98:9 The corresponding parameter in the supertype 'BaseReactPackage' is named 'reactContext'. This may cause problems when calling this function with named arguments.
w: file:///home/odin/Dungeon/Personal/xc-mvp/node_modules/@rnmapbox/maps/android/src/main/java/com/rnmapbox/rnmbx/RNMBXPackage.kt:126:37 The corresponding parameter in the supertype 'BaseReactPackage' is named 'reactContext'. This may cause problems when calling this function with named arguments.
w: file:///home/odin/Dungeon/Personal/xc-mvp/node_modules/@rnmapbox/maps/android/src/main/java/com/rnmapbox/rnmbx/RNMBXPackage.kt:190:53 'constructor(name: String, className: String, canOverrideExistingModule: Boolean, needsEagerInit: Boolean, hasConstants: Boolean, isCxxModule: Boolean, isTurboModule: Boolean): ReactModuleInfo' is deprecated. This constructor is deprecated and will be removed in the future. Use ReactModuleInfo(String, String, boolean, boolean, boolean, boolean)].
w: file:///home/odin/Dungeon/Personal/xc-mvp/node_modules/@rnmapbox/maps/android/src/main/java/com/rnmapbox/rnmbx/RNMBXPackage.kt:194:52 'constructor(name: String, className: String, canOverrideExistingModule: Boolean, needsEagerInit: Boolean, hasConstants: Boolean, isCxxModule: Boolean, isTurboModule: Boolean): ReactModuleInfo' is deprecated. This constructor is deprecated and will be removed in the future. Use ReactModuleInfo(String, String, boolean, boolean, boolean, boolean)].
w: file:///home/odin/Dungeon/Personal/xc-mvp/node_modules/@rnmapbox/maps/android/src/main/java/com/rnmapbox/rnmbx/RNMBXPackage.kt:203:60 'constructor(name: String, className: String, canOverrideExistingModule: Boolean, needsEagerInit: Boolean, hasConstants: Boolean, isCxxModule: Boolean, isTurboModule: Boolean): ReactModuleInfo' is deprecated. This constructor is deprecated and will be removed in the future. Use ReactModuleInfo(String, String, boolean, boolean, boolean, boolean)].
w: file:///home/odin/Dungeon/Personal/xc-mvp/node_modules/@rnmapbox/maps/android/src/main/java/com/rnmapbox/rnmbx/RNMBXPackage.kt:212:59 'constructor(name: String, className: String, canOverrideExistingModule: Boolean, needsEagerInit: Boolean, hasConstants: Boolean, isCxxModule: Boolean, isTurboModule: Boolean): ReactModuleInfo' is deprecated. This constructor is deprecated and will be removed in the future. Use ReactModuleInfo(String, String, boolean, boolean, boolean, boolean)].
w: file:///home/odin/Dungeon/Personal/xc-mvp/node_modules/@rnmapbox/maps/android/src/main/java/com/rnmapbox/rnmbx/RNMBXPackage.kt:221:61 'constructor(name: String, className: String, canOverrideExistingModule: Boolean, needsEagerInit: Boolean, hasConstants: Boolean, isCxxModule: Boolean, isTurboModule: Boolean): ReactModuleInfo' is deprecated. This constructor is deprecated and will be removed in the future. Use ReactModuleInfo(String, String, boolean, boolean, boolean, boolean)].
w: file:///home/odin/Dungeon/Personal/xc-mvp/node_modules/@rnmapbox/maps/android/src/main/java/com/rnmapbox/rnmbx/RNMBXPackage.kt:230:65 'constructor(name: String, className: String, canOverrideExistingModule: Boolean, needsEagerInit: Boolean, hasConstants: Boolean, isCxxModule: Boolean, isTurboModule: Boolean): ReactModuleInfo' is deprecated. This constructor is deprecated and will be removed in the future. Use ReactModuleInfo(String, String, boolean, boolean, boolean, boolean)].
w: file:///home/odin/Dungeon/Personal/xc-mvp/node_modules/@rnmapbox/maps/android/src/main/java/com/rnmapbox/rnmbx/RNMBXPackage.kt:239:60 'constructor(name: String, className: String, canOverrideExistingModule: Boolean, needsEagerInit: Boolean, hasConstants: Boolean, isCxxModule: Boolean, isTurboModule: Boolean): ReactModuleInfo' is deprecated. This constructor is deprecated and will be removed in the future. Use ReactModuleInfo(String, String, boolean, boolean, boolean, boolean)].
w: file:///home/odin/Dungeon/Personal/xc-mvp/node_modules/@rnmapbox/maps/android/src/main/java/com/rnmapbox/rnmbx/RNMBXPackage.kt:248:53 'constructor(name: String, className: String, canOverrideExistingModule: Boolean, needsEagerInit: Boolean, hasConstants: Boolean, isCxxModule: Boolean, isTurboModule: Boolean): ReactModuleInfo' is deprecated. This constructor is deprecated and will be removed in the future. Use ReactModuleInfo(String, String, boolean, boolean, boolean, boolean)].
w: file:///home/odin/Dungeon/Personal/xc-mvp/node_modules/@rnmapbox/maps/android/src/main/java/com/rnmapbox/rnmbx/RNMBXPackage.kt:257:53 'constructor(name: String, className: String, canOverrideExistingModule: Boolean, needsEagerInit: Boolean, hasConstants: Boolean, isCxxModule: Boolean, isTurboModule: Boolean): ReactModuleInfo' is deprecated. This constructor is deprecated and will be removed in the future. Use ReactModuleInfo(String, String, boolean, boolean, boolean, boolean)].
w: file:///home/odin/Dungeon/Personal/xc-mvp/node_modules/@rnmapbox/maps/android/src/main/java/com/rnmapbox/rnmbx/RNMBXPackage.kt:266:53 'constructor(name: String, className: String, canOverrideExistingModule: Boolean, needsEagerInit: Boolean, hasConstants: Boolean, isCxxModule: Boolean, isTurboModule: Boolean): ReactModuleInfo' is deprecated. This constructor is deprecated and will be removed in the future. Use ReactModuleInfo(String, String, boolean, boolean, boolean, boolean)].
w: file:///home/odin/Dungeon/Personal/xc-mvp/node_modules/@rnmapbox/maps/android/src/main/java/com/rnmapbox/rnmbx/RNMBXPackage.kt:275:51 'constructor(name: String, className: String, canOverrideExistingModule: Boolean, needsEagerInit: Boolean, hasConstants: Boolean, isCxxModule: Boolean, isTurboModule: Boolean): ReactModuleInfo' is deprecated. This constructor is deprecated and will be removed in the future. Use ReactModuleInfo(String, String, boolean, boolean, boolean, boolean)].
w: file:///home/odin/Dungeon/Personal/xc-mvp/node_modules/@rnmapbox/maps/android/src/main/java/com/rnmapbox/rnmbx/RNMBXPackage.kt:284:56 'constructor(name: String, className: String, canOverrideExistingModule: Boolean, needsEagerInit: Boolean, hasConstants: Boolean, isCxxModule: Boolean, isTurboModule: Boolean): ReactModuleInfo' is deprecated. This constructor is deprecated and will be removed in the future. Use ReactModuleInfo(String, String, boolean, boolean, boolean, boolean)].
w: file:///home/odin/Dungeon/Personal/xc-mvp/node_modules/@rnmapbox/maps/android/src/main/java/com/rnmapbox/rnmbx/RNMBXPackage.kt:293:50 'constructor(name: String, className: String, canOverrideExistingModule: Boolean, needsEagerInit: Boolean, hasConstants: Boolean, isCxxModule: Boolean, isTurboModule: Boolean): ReactModuleInfo' is deprecated. This constructor is deprecated and will be removed in the future. Use ReactModuleInfo(String, String, boolean, boolean, boolean, boolean)].
w: file:///home/odin/Dungeon/Personal/xc-mvp/node_modules/@rnmapbox/maps/android/src/main/java/com/rnmapbox/rnmbx/RNMBXPackage.kt:302:60 'constructor(name: String, className: String, canOverrideExistingModule: Boolean, needsEagerInit: Boolean, hasConstants: Boolean, isCxxModule: Boolean, isTurboModule: Boolean): ReactModuleInfo' is deprecated. This constructor is deprecated and will be removed in the future. Use ReactModuleInfo(String, String, boolean, boolean, boolean, boolean)].
w: file:///home/odin/Dungeon/Personal/xc-mvp/node_modules/@rnmapbox/maps/android/src/main/java/com/rnmapbox/rnmbx/RNMBXPackage.kt:311:67 'constructor(name: String, className: String, canOverrideExistingModule: Boolean, needsEagerInit: Boolean, hasConstants: Boolean, isCxxModule: Boolean, isTurboModule: Boolean): ReactModuleInfo' is deprecated. This constructor is deprecated and will be removed in the future. Use ReactModuleInfo(String, String, boolean, boolean, boolean, boolean)].
w: file:///home/odin/Dungeon/Personal/xc-mvp/node_modules/@rnmapbox/maps/android/src/main/java/com/rnmapbox/rnmbx/RNMBXPackage.kt:320:75 'constructor(name: String, className: String, canOverrideExistingModule: Boolean, needsEagerInit: Boolean, hasConstants: Boolean, isCxxModule: Boolean, isTurboModule: Boolean): ReactModuleInfo' is deprecated. This constructor is deprecated and will be removed in the future. Use ReactModuleInfo(String, String, boolean, boolean, boolean, boolean)].
w: file:///home/odin/Dungeon/Personal/xc-mvp/node_modules/@rnmapbox/maps/android/src/main/java/com/rnmapbox/rnmbx/components/AbstractEvent.kt:5:8 'interface RCTEventEmitter : JavaScriptModule' is deprecated. Use [RCTModernEventEmitter] instead.
w: file:///home/odin/Dungeon/Personal/xc-mvp/node_modules/@rnmapbox/maps/android/src/main/java/com/rnmapbox/rnmbx/components/AbstractEvent.kt:12:5 'constructor<T : Event<T>>(viewTag: Int): Event<T>' is deprecated. Use constructor with explicit surfaceId instead.
w: file:///home/odin/Dungeon/Personal/xc-mvp/node_modules/@rnmapbox/maps/android/src/main/java/com/rnmapbox/rnmbx/components/AbstractEvent.kt:17:18 This declaration overrides a deprecated member but is not marked as deprecated itself. Add the '@Deprecated' annotation or suppress the diagnostic.
w: file:///home/odin/Dungeon/Personal/xc-mvp/node_modules/@rnmapbox/maps/android/src/main/java/com/rnmapbox/rnmbx/components/AbstractEvent.kt:17:44 'interface RCTEventEmitter : JavaScriptModule' is deprecated. Use [RCTModernEventEmitter] instead.
w: file:///home/odin/Dungeon/Personal/xc-mvp/node_modules/@rnmapbox/maps/android/src/main/java/com/rnmapbox/rnmbx/components/AbstractEvent.kt:18:25 'fun receiveEvent(targetTag: Int, eventName: String, params: WritableMap?): Unit' is deprecated. Use [RCTModernEventEmitter.receiveEvent] instead.
w: file:///home/odin/Dungeon/Personal/xc-mvp/node_modules/@rnmapbox/maps/android/src/main/java/com/rnmapbox/rnmbx/components/AbstractEventEmitter.kt:6:8 'object MapBuilder : Any' is deprecated. Use Kotlin's built-in collections extensions.
w: file:///home/odin/Dungeon/Personal/xc-mvp/node_modules/@rnmapbox/maps/android/src/main/java/com/rnmapbox/rnmbx/components/AbstractEventEmitter.kt:60:44 'fun getEventDispatcherForReactTag(context: ReactContext, reactTag: Int): EventDispatcher?' is deprecated. reactTag is no longer needed.
w: file:///home/odin/Dungeon/Personal/xc-mvp/node_modules/@rnmapbox/maps/android/src/main/java/com/rnmapbox/rnmbx/components/AbstractEventEmitter.kt:67:35 'object MapBuilder : Any' is deprecated. Use Kotlin's built-in collections extensions.
w: file:///home/odin/Dungeon/Personal/xc-mvp/node_modules/@rnmapbox/maps/android/src/main/java/com/rnmapbox/rnmbx/components/annotation/RNMBXMarkerView.kt:235:13 'fun selected(p0: Boolean?): ViewAnnotationOptions.Builder!' is deprecated. Deprecated in Java.
w: file:///home/odin/Dungeon/Personal/xc-mvp/node_modules/@rnmapbox/maps/android/src/main/java/com/rnmapbox/rnmbx/components/annotation/RNMBXMarkerViewContent.kt:121:42 'fun getEventDispatcherForReactTag(context: ReactContext, reactTag: Int): EventDispatcher?' is deprecated. reactTag is no longer needed.
w: file:///home/odin/Dungeon/Personal/xc-mvp/node_modules/@rnmapbox/maps/android/src/main/java/com/rnmapbox/rnmbx/components/annotation/RNMBXMarkerViewManager.kt:10:8 'object MapBuilder : Any' is deprecated. Use Kotlin's built-in collections extensions.
w: file:///home/odin/Dungeon/Personal/xc-mvp/node_modules/@rnmapbox/maps/android/src/main/java/com/rnmapbox/rnmbx/components/annotation/RNMBXMarkerViewManager.kt:99:16 'object MapBuilder : Any' is deprecated. Use Kotlin's built-in collections extensions.
w: file:///home/odin/Dungeon/Personal/xc-mvp/node_modules/@rnmapbox/maps/android/src/main/java/com/rnmapbox/rnmbx/components/annotation/RNMBXPointAnnotationManager.kt:5:8 'object MapBuilder : Any' is deprecated. Use Kotlin's built-in collections extensions.
w: file:///home/odin/Dungeon/Personal/xc-mvp/node_modules/@rnmapbox/maps/android/src/main/java/com/rnmapbox/rnmbx/components/annotation/RNMBXPointAnnotationManagerViewManager.kt:7:8 'object MapBuilder : Any' is deprecated. Use Kotlin's built-in collections extensions.
w: file:///home/odin/Dungeon/Personal/xc-mvp/node_modules/@rnmapbox/maps/android/src/main/java/com/rnmapbox/rnmbx/components/annotation/RNMBXPointAnnotationManagerViewManager.kt:26:16 'object MapBuilder : Any' is deprecated. Use Kotlin's built-in collections extensions.
w: file:///home/odin/Dungeon/Personal/xc-mvp/node_modules/@rnmapbox/maps/android/src/main/java/com/rnmapbox/rnmbx/components/annotation/RNMBXPointAnnotationManagerViewManager.kt:37:67 The corresponding parameter in the supertype 'RNMBXPointAnnotationManagerViewManager' is named 'child'. This may cause problems when calling this function with named arguments.
w: file:///home/odin/Dungeon/Personal/xc-mvp/node_modules/@rnmapbox/maps/android/src/main/java/com/rnmapbox/rnmbx/components/annotation/RNMBXPointAnnotationManagerViewManager.kt:37:84 The corresponding parameter in the supertype 'RNMBXPointAnnotationManagerViewManager' is named 'index'. This may cause problems when calling this function with named arguments.
w: file:///home/odin/Dungeon/Personal/xc-mvp/node_modules/@rnmapbox/maps/android/src/main/java/com/rnmapbox/rnmbx/components/annotation/RNMBXPointAnnotationManagerViewManager.kt:41:72 The corresponding parameter in the supertype 'RNMBXPointAnnotationManagerViewManager' is named 'index'. This may cause problems when calling this function with named arguments.
w: file:///home/odin/Dungeon/Personal/xc-mvp/node_modules/@rnmapbox/maps/android/src/main/java/com/rnmapbox/rnmbx/components/annotation/RNMBXPointAnnotationManagerViewManager.kt:45:70 The corresponding parameter in the supertype 'RNMBXPointAnnotationManagerViewManager' is named 'index'. This may cause problems when calling this function with named arguments.
w: file:///home/odin/Dungeon/Personal/xc-mvp/node_modules/@rnmapbox/maps/android/src/main/java/com/rnmapbox/rnmbx/components/camera/CameraStop.kt:130:36 'fun cameraForCoordinateBounds(bounds: CoordinateBounds, boundsPadding: EdgeInsets?, bearing: Double?, pitch: Double?, maxZoom: Double?, offset: ScreenCoordinate?): CameraOptions' is deprecated. Deprecated.
w: file:///home/odin/Dungeon/Personal/xc-mvp/node_modules/@rnmapbox/maps/android/src/main/java/com/rnmapbox/rnmbx/components/camera/RNMBXCamera.kt:298:45 'fun getStyle(): Style?' is deprecated. This method is deprecated, and will be removed in next major release. Use [style] property instead.
w: file:///home/odin/Dungeon/Personal/xc-mvp/node_modules/@rnmapbox/maps/android/src/main/java/com/rnmapbox/rnmbx/components/camera/RNMBXCamera.kt:354:33 'when' is exhaustive so 'else' is redundant here.
w: file:///home/odin/Dungeon/Personal/xc-mvp/node_modules/@rnmapbox/maps/android/src/main/java/com/rnmapbox/rnmbx/components/camera/RNMBXCamera.kt:478:35 'fun getMapboxMap(): MapboxMap' is deprecated. This method is deprecated, and will be removed in next major release. Use [mapboxMap] property instead.
w: file:///home/odin/Dungeon/Personal/xc-mvp/node_modules/@rnmapbox/maps/android/src/main/java/com/rnmapbox/rnmbx/components/camera/RNMBXCamera.kt:526:16 'fun getStyle(): Style?' is deprecated. This method is deprecated, and will be removed in next major release. Use [style] property instead.
w: file:///home/odin/Dungeon/Personal/xc-mvp/node_modules/@rnmapbox/maps/android/src/main/java/com/rnmapbox/rnmbx/components/camera/RNMBXVIewportManager.kt:8:8 'object MapBuilder : Any' is deprecated. Use Kotlin's built-in collections extensions.
w: file:///home/odin/Dungeon/Personal/xc-mvp/node_modules/@rnmapbox/maps/android/src/main/java/com/rnmapbox/rnmbx/components/images/RNMBXImages.kt:82:35 'fun getStyle(): Style?' is deprecated. This method is deprecated, and will be removed in next major release. Use [style] property instead.
w: file:///home/odin/Dungeon/Personal/xc-mvp/node_modules/@rnmapbox/maps/android/src/main/java/com/rnmapbox/rnmbx/components/images/RNMBXImages.kt:97:20 'fun getStyle(): Style?' is deprecated. This method is deprecated, and will be removed in next major release. Use [style] property instead.
w: file:///home/odin/Dungeon/Personal/xc-mvp/node_modules/@rnmapbox/maps/android/src/main/java/com/rnmapbox/rnmbx/components/images/RNMBXImages.kt:140:16 Condition is always 'true'.
w: file:///home/odin/Dungeon/Personal/xc-mvp/node_modules/@rnmapbox/maps/android/src/main/java/com/rnmapbox/rnmbx/components/images/RNMBXImages.kt:176:25 'fun getStyle(): Style?' is deprecated. This method is deprecated, and will be removed in next major release. Use [style] property instead.
w: file:///home/odin/Dungeon/Personal/xc-mvp/node_modules/@rnmapbox/maps/android/src/main/java/com/rnmapbox/rnmbx/components/images/RNMBXImages.kt:205:25 'fun getStyle(): Style?' is deprecated. This method is deprecated, and will be removed in next major release. Use [style] property instead.
w: file:///home/odin/Dungeon/Personal/xc-mvp/node_modules/@rnmapbox/maps/android/src/main/java/com/rnmapbox/rnmbx/components/images/RNMBXImages.kt:238:25 'fun getStyle(): Style?' is deprecated. This method is deprecated, and will be removed in next major release. Use [style] property instead.
w: file:///home/odin/Dungeon/Personal/xc-mvp/node_modules/@rnmapbox/maps/android/src/main/java/com/rnmapbox/rnmbx/components/images/RNMBXImages.kt:289:15 'fun getStyle(): Style?' is deprecated. This method is deprecated, and will be removed in next major release. Use [style] property instead.
w: file:///home/odin/Dungeon/Personal/xc-mvp/node_modules/@rnmapbox/maps/android/src/main/java/com/rnmapbox/rnmbx/components/images/RNMBXImagesManager.kt:234:47 The corresponding parameter in the supertype 'RNMBXImagesManager' is named 'child'. This may cause problems when calling this function with named arguments.
w: file:///home/odin/Dungeon/Personal/xc-mvp/node_modules/@rnmapbox/maps/android/src/main/java/com/rnmapbox/rnmbx/components/images/RNMBXImagesManager.kt:234:64 The corresponding parameter in the supertype 'RNMBXImagesManager' is named 'index'. This may cause problems when calling this function with named arguments.
w: file:///home/odin/Dungeon/Personal/xc-mvp/node_modules/@rnmapbox/maps/android/src/main/java/com/rnmapbox/rnmbx/components/images/RNMBXImagesManager.kt:245:13 Condition is always 'false'.
w: file:///home/odin/Dungeon/Personal/xc-mvp/node_modules/@rnmapbox/maps/android/src/main/java/com/rnmapbox/rnmbx/components/images/RNMBXImagesManager.kt:245:31 Condition is always 'false'.
w: file:///home/odin/Dungeon/Personal/xc-mvp/node_modules/@rnmapbox/maps/android/src/main/java/com/rnmapbox/rnmbx/components/location/RNMBXCustomLocationProvider.kt:24:28 The corresponding parameter in the supertype 'Property' is named 'item'. This may cause problems when calling this function with named arguments.
w: file:///home/odin/Dungeon/Personal/xc-mvp/node_modules/@rnmapbox/maps/android/src/main/java/com/rnmapbox/rnmbx/components/location/RNMBXCustomLocationProvider.kt:105:13 Condition is always 'true'.
w: file:///home/odin/Dungeon/Personal/xc-mvp/node_modules/@rnmapbox/maps/android/src/main/java/com/rnmapbox/rnmbx/components/location/RNMBXNativeUserLocation.kt:250:22 'fun getMapboxMap(): MapboxMap' is deprecated. This method is deprecated, and will be removed in next major release. Use [mapboxMap] property instead.
w: file:///home/odin/Dungeon/Personal/xc-mvp/node_modules/@rnmapbox/maps/android/src/main/java/com/rnmapbox/rnmbx/components/location/RNMBXNativeUserLocation.kt:250:38 'fun getStyle(): Style?' is deprecated. This method is deprecated, and will be removed in next major release. Use [style] property instead.
w: file:///home/odin/Dungeon/Personal/xc-mvp/node_modules/@rnmapbox/maps/android/src/main/java/com/rnmapbox/rnmbx/components/mapview/RNMBXMapView.kt:21:8 'data class MapLoadingErrorEventData : Any' is deprecated. This data class is deprecated, and will be removed in next major release.
w: file:///home/odin/Dungeon/Personal/xc-mvp/node_modules/@rnmapbox/maps/android/src/main/java/com/rnmapbox/rnmbx/components/mapview/RNMBXMapView.kt:22:8 'data class RenderFrameFinishedEventData : Any' is deprecated. This data class is deprecated, and will be removed in next major release.
w: file:///home/odin/Dungeon/Personal/xc-mvp/node_modules/@rnmapbox/maps/android/src/main/java/com/rnmapbox/rnmbx/components/mapview/RNMBXMapView.kt:219:24 'fun getMapboxMap(): MapboxMap' is deprecated. This method is deprecated, and will be removed in next major release. Use [mapboxMap] property instead.
w: file:///home/odin/Dungeon/Personal/xc-mvp/node_modules/@rnmapbox/maps/android/src/main/java/com/rnmapbox/rnmbx/components/mapview/RNMBXMapView.kt:237:12 'fun addOnRenderFrameFinishedListener(onRenderFrameFinishedListener: OnRenderFrameFinishedListener): Unit' is deprecated. This method is deprecated, and will be removed in next major release. use [subscribeRenderFrameFinished] instead.
w: file:///home/odin/Dungeon/Personal/xc-mvp/node_modules/@rnmapbox/maps/android/src/main/java/com/rnmapbox/rnmbx/components/mapview/RNMBXMapView.kt:238:20 'fun interface OnRenderFrameFinishedListener : Any' is deprecated. This listener is deprecated, and will be removed in next major release. use RenderFrameFinishedCallback instead.
w: file:///home/odin/Dungeon/Personal/xc-mvp/node_modules/@rnmapbox/maps/android/src/main/java/com/rnmapbox/rnmbx/components/mapview/RNMBXMapView.kt:239:62 'data class RenderFrameFinishedEventData : Any' is deprecated. This data class is deprecated, and will be removed in next major release.
w: file:///home/odin/Dungeon/Personal/xc-mvp/node_modules/@rnmapbox/maps/android/src/main/java/com/rnmapbox/rnmbx/components/mapview/RNMBXMapView.kt:254:13 'fun addOnCameraChangeListener(onCameraChangeListener: OnCameraChangeListener): Unit' is deprecated. This method is deprecated, and will be removed in next major release. use [subscribeCameraChange] instead.
w: file:///home/odin/Dungeon/Personal/xc-mvp/node_modules/@rnmapbox/maps/android/src/main/java/com/rnmapbox/rnmbx/components/mapview/RNMBXMapView.kt:259:13 'fun addOnMapIdleListener(onMapIdleListener: OnMapIdleListener): Unit' is deprecated. This method is deprecated, and will be removed in next major release. use [subscribeMapIdle] instead.
w: file:///home/odin/Dungeon/Personal/xc-mvp/node_modules/@rnmapbox/maps/android/src/main/java/com/rnmapbox/rnmbx/components/mapview/RNMBXMapView.kt:366:13 Condition is always 'false'.
w: file:///home/odin/Dungeon/Personal/xc-mvp/node_modules/@rnmapbox/maps/android/src/main/java/com/rnmapbox/rnmbx/components/mapview/RNMBXMapView.kt:509:34 'fun getStyle(): Style?' is deprecated. This method is deprecated, and will be removed in next major release. Use [style] property instead.
w: file:///home/odin/Dungeon/Personal/xc-mvp/node_modules/@rnmapbox/maps/android/src/main/java/com/rnmapbox/rnmbx/components/mapview/RNMBXMapView.kt:547:28 The corresponding parameter in the supertype 'Property' is named 'item'. This may cause problems when calling this function with named arguments.
w: file:///home/odin/Dungeon/Personal/xc-mvp/node_modules/@rnmapbox/maps/android/src/main/java/com/rnmapbox/rnmbx/components/mapview/RNMBXMapView.kt:557:52 'fun getMapboxMap(): MapboxMap' is deprecated. This method is deprecated, and will be removed in next major release. Use [mapboxMap] property instead.
w: file:///home/odin/Dungeon/Personal/xc-mvp/node_modules/@rnmapbox/maps/android/src/main/java/com/rnmapbox/rnmbx/components/mapview/RNMBXMapView.kt:580:13 Condition is always 'true'.
w: file:///home/odin/Dungeon/Personal/xc-mvp/node_modules/@rnmapbox/maps/android/src/main/java/com/rnmapbox/rnmbx/components/mapview/RNMBXMapView.kt:587:13 Condition is always 'true'.
w: file:///home/odin/Dungeon/Personal/xc-mvp/node_modules/@rnmapbox/maps/android/src/main/java/com/rnmapbox/rnmbx/components/mapview/RNMBXMapView.kt:588:18 'fun getStyle(): Style?' is deprecated. This method is deprecated, and will be removed in next major release. Use [style] property instead.
w: file:///home/odin/Dungeon/Personal/xc-mvp/node_modules/@rnmapbox/maps/android/src/main/java/com/rnmapbox/rnmbx/components/mapview/RNMBXMapView.kt:642:13 Condition is always 'true'.
w: file:///home/odin/Dungeon/Personal/xc-mvp/node_modules/@rnmapbox/maps/android/src/main/java/com/rnmapbox/rnmbx/components/mapview/RNMBXMapView.kt:646:22 'fun loadStyleJson(styleJson: String, onStyleLoaded: Style.OnStyleLoaded): Unit' is deprecated. Loading style was revisited in v11, this method is deprecated.
w: file:///home/odin/Dungeon/Personal/xc-mvp/node_modules/@rnmapbox/maps/android/src/main/java/com/rnmapbox/rnmbx/components/mapview/RNMBXMapView.kt:653:22 'fun loadStyleUri(styleUri: String, onStyleLoaded: Style.OnStyleLoaded? = ..., onMapLoadErrorListener: OnMapLoadErrorListener? = ...): Unit' is deprecated. Loading style was revisited in v11, this method is deprecated. IMPORTANT: onMapLoadErrorListener will not be triggered anymore, please refer to documentation for new method to understand how to handle errors.
w: file:///home/odin/Dungeon/Personal/xc-mvp/node_modules/@rnmapbox/maps/android/src/main/java/com/rnmapbox/rnmbx/components/mapview/RNMBXMapView.kt:658:30 'interface OnMapLoadErrorListener : Any' is deprecated. This listener is deprecated, and will be removed in next major release. use MapLoadingErrorCallback instead.
w: file:///home/odin/Dungeon/Personal/xc-mvp/node_modules/@rnmapbox/maps/android/src/main/java/com/rnmapbox/rnmbx/components/mapview/RNMBXMapView.kt:659:79 'data class MapLoadingErrorEventData : Any' is deprecated. This data class is deprecated, and will be removed in next major release.
w: file:///home/odin/Dungeon/Personal/xc-mvp/node_modules/@rnmapbox/maps/android/src/main/java/com/rnmapbox/rnmbx/components/mapview/RNMBXMapView.kt:696:21 'fun getMapboxMap(): MapboxMap' is deprecated. This method is deprecated, and will be removed in next major release. Use [mapboxMap] property instead.
w: file:///home/odin/Dungeon/Personal/xc-mvp/node_modules/@rnmapbox/maps/android/src/main/java/com/rnmapbox/rnmbx/components/mapview/RNMBXMapView.kt:752:94 Unchecked cast of 'List<RNMBXSource<*>?>?' to 'List<RNMBXSource<*>>?'.
w: file:///home/odin/Dungeon/Personal/xc-mvp/node_modules/@rnmapbox/maps/android/src/main/java/com/rnmapbox/rnmbx/components/mapview/RNMBXMapView.kt:755:53 Unchecked cast of 'List<Feature?>?' to 'List<Feature>'.
w: file:///home/odin/Dungeon/Personal/xc-mvp/node_modules/@rnmapbox/maps/android/src/main/java/com/rnmapbox/rnmbx/components/mapview/RNMBXMapView.kt:939:37 'fun getMapboxMap(): MapboxMap' is deprecated. This method is deprecated, and will be removed in next major release. Use [mapboxMap] property instead.
w: file:///home/odin/Dungeon/Personal/xc-mvp/node_modules/@rnmapbox/maps/android/src/main/java/com/rnmapbox/rnmbx/components/mapview/RNMBXMapView.kt:1017:13 Condition is always 'false'.
w: file:///home/odin/Dungeon/Personal/xc-mvp/node_modules/@rnmapbox/maps/android/src/main/java/com/rnmapbox/rnmbx/components/mapview/RNMBXMapView.kt:1131:17 'fun getMapboxMap(): MapboxMap' is deprecated. This method is deprecated, and will be removed in next major release. Use [mapboxMap] property instead.
w: file:///home/odin/Dungeon/Personal/xc-mvp/node_modules/@rnmapbox/maps/android/src/main/java/com/rnmapbox/rnmbx/components/mapview/RNMBXMapView.kt:1147:17 'fun getMapboxMap(): MapboxMap' is deprecated. This method is deprecated, and will be removed in next major release. Use [mapboxMap] property instead.
w: file:///home/odin/Dungeon/Personal/xc-mvp/node_modules/@rnmapbox/maps/android/src/main/java/com/rnmapbox/rnmbx/components/mapview/RNMBXMapView.kt:1167:17 'fun getMapboxMap(): MapboxMap' is deprecated. This method is deprecated, and will be removed in next major release. Use [mapboxMap] property instead.
w: file:///home/odin/Dungeon/Personal/xc-mvp/node_modules/@rnmapbox/maps/android/src/main/java/com/rnmapbox/rnmbx/components/mapview/RNMBXMapView.kt:1190:17 'fun getMapboxMap(): MapboxMap' is deprecated. This method is deprecated, and will be removed in next major release. Use [mapboxMap] property instead.
w: file:///home/odin/Dungeon/Personal/xc-mvp/node_modules/@rnmapbox/maps/android/src/main/java/com/rnmapbox/rnmbx/components/mapview/RNMBXMapView.kt:1232:13 Condition is always 'false'.
w: file:///home/odin/Dungeon/Personal/xc-mvp/node_modules/@rnmapbox/maps/android/src/main/java/com/rnmapbox/rnmbx/components/mapview/RNMBXMapView.kt:1236:26 'fun getStyle(): Style?' is deprecated. This method is deprecated, and will be removed in next major release. Use [style] property instead.
w: file:///home/odin/Dungeon/Personal/xc-mvp/node_modules/@rnmapbox/maps/android/src/main/java/com/rnmapbox/rnmbx/components/mapview/RNMBXMapView.kt:1292:27 'fun getMapboxMap(): MapboxMap' is deprecated. This method is deprecated, and will be removed in next major release. Use [mapboxMap] property instead.
w: file:///home/odin/Dungeon/Personal/xc-mvp/node_modules/@rnmapbox/maps/android/src/main/java/com/rnmapbox/rnmbx/components/mapview/RNMBXMapView.kt:1299:13 'fun addOnMapLoadedListener(onMapLoadedListener: OnMapLoadedListener): Unit' is deprecated. This method is deprecated, and will be removed in next major release. use [subscribeMapLoaded] instead.
w: file:///home/odin/Dungeon/Personal/xc-mvp/node_modules/@rnmapbox/maps/android/src/main/java/com/rnmapbox/rnmbx/components/mapview/RNMBXMapView.kt:1300:13 'fun addOnStyleLoadedListener(onStyleLoadedListener: OnStyleLoadedListener): Unit' is deprecated. This method is deprecated, and will be removed in next major release. use [subscribeStyleLoaded] instead.
w: file:///home/odin/Dungeon/Personal/xc-mvp/node_modules/@rnmapbox/maps/android/src/main/java/com/rnmapbox/rnmbx/components/mapview/RNMBXMapView.kt:1301:13 'fun addOnStyleImageMissingListener(onStyleImageMissingListener: OnStyleImageMissingListener): Unit' is deprecated. This method is deprecated, and will be removed in next major release. use [subscribeStyleImageMissing] instead.
w: file:///home/odin/Dungeon/Personal/xc-mvp/node_modules/@rnmapbox/maps/android/src/main/java/com/rnmapbox/rnmbx/components/mapview/RNMBXMapViewManager.kt:9:8 'class LayoutShadowNode : ReactShadowNodeImpl' is deprecated. This class is part of Legacy Architecture and will be removed in a future release.
w: file:///home/odin/Dungeon/Personal/xc-mvp/node_modules/@rnmapbox/maps/android/src/main/java/com/rnmapbox/rnmbx/components/mapview/RNMBXMapViewManager.kt:62:46 'class LayoutShadowNode : ReactShadowNodeImpl' is deprecated. This class is part of Legacy Architecture and will be removed in a future release.
w: file:///home/odin/Dungeon/Personal/xc-mvp/node_modules/@rnmapbox/maps/android/src/main/java/com/rnmapbox/rnmbx/components/mapview/RNMBXMapViewManager.kt:66:50 'class LayoutShadowNode : ReactShadowNodeImpl' is deprecated. This class is part of Legacy Architecture and will be removed in a future release.
w: file:///home/odin/Dungeon/Personal/xc-mvp/node_modules/@rnmapbox/maps/android/src/main/java/com/rnmapbox/rnmbx/components/mapview/RNMBXMapViewManager.kt:80:26 The corresponding parameter in the supertype 'RNMBXMapViewManager' is named 'parent'. This may cause problems when calling this function with named arguments.
w: file:///home/odin/Dungeon/Personal/xc-mvp/node_modules/@rnmapbox/maps/android/src/main/java/com/rnmapbox/rnmbx/components/mapview/RNMBXMapViewManager.kt:80:49 The corresponding parameter in the supertype 'RNMBXMapViewManager' is named 'child'. This may cause problems when calling this function with named arguments.
w: file:///home/odin/Dungeon/Personal/xc-mvp/node_modules/@rnmapbox/maps/android/src/main/java/com/rnmapbox/rnmbx/components/mapview/RNMBXMapViewManager.kt:80:66 The corresponding parameter in the supertype 'RNMBXMapViewManager' is named 'index'. This may cause problems when calling this function with named arguments.
w: file:///home/odin/Dungeon/Personal/xc-mvp/node_modules/@rnmapbox/maps/android/src/main/java/com/rnmapbox/rnmbx/components/mapview/RNMBXMapViewManager.kt:84:32 The corresponding parameter in the supertype 'RNMBXMapViewManager' is named 'parent'. This may cause problems when calling this function with named arguments.
w: file:///home/odin/Dungeon/Personal/xc-mvp/node_modules/@rnmapbox/maps/android/src/main/java/com/rnmapbox/rnmbx/components/mapview/RNMBXMapViewManager.kt:88:29 The corresponding parameter in the supertype 'RNMBXMapViewManager' is named 'parent'. This may cause problems when calling this function with named arguments.
w: file:///home/odin/Dungeon/Personal/xc-mvp/node_modules/@rnmapbox/maps/android/src/main/java/com/rnmapbox/rnmbx/components/mapview/RNMBXMapViewManager.kt:92:31 The corresponding parameter in the supertype 'RNMBXMapViewManager' is named 'parent'. This may cause problems when calling this function with named arguments.
w: file:///home/odin/Dungeon/Personal/xc-mvp/node_modules/@rnmapbox/maps/android/src/main/java/com/rnmapbox/rnmbx/components/mapview/RNMBXMapViewManager.kt:425:9 'class LayoutShadowNode : ReactShadowNodeImpl' is deprecated. This class is part of Legacy Architecture and will be removed in a future release.
w: file:///home/odin/Dungeon/Personal/xc-mvp/node_modules/@rnmapbox/maps/android/src/main/java/com/rnmapbox/rnmbx/components/styles/RNMBXStyleFactory.kt:730:44 This API is experimental. It may be changed in the future without notice.
w: file:///home/odin/Dungeon/Personal/xc-mvp/node_modules/@rnmapbox/maps/android/src/main/java/com/rnmapbox/rnmbx/components/styles/RNMBXStyleFactory.kt:743:17 This API is experimental. It may be changed in the future without notice.
w: file:///home/odin/Dungeon/Personal/xc-mvp/node_modules/@rnmapbox/maps/android/src/main/java/com/rnmapbox/rnmbx/components/styles/RNMBXStyleFactory.kt:743:31 This API is experimental. It may be changed in the future without notice.
w: file:///home/odin/Dungeon/Personal/xc-mvp/node_modules/@rnmapbox/maps/android/src/main/java/com/rnmapbox/rnmbx/components/styles/RNMBXStyleFactory.kt:745:17 This API is experimental. It may be changed in the future without notice.
w: file:///home/odin/Dungeon/Personal/xc-mvp/node_modules/@rnmapbox/maps/android/src/main/java/com/rnmapbox/rnmbx/components/styles/RNMBXStyleFactory.kt:745:44 This API is experimental. It may be changed in the future without notice.
w: file:///home/odin/Dungeon/Personal/xc-mvp/node_modules/@rnmapbox/maps/android/src/main/java/com/rnmapbox/rnmbx/components/styles/RNMBXStyleFactory.kt:747:17 This API is experimental. It may be changed in the future without notice.
w: file:///home/odin/Dungeon/Personal/xc-mvp/node_modules/@rnmapbox/maps/android/src/main/java/com/rnmapbox/rnmbx/components/styles/RNMBXStyleFactory.kt:747:40 This API is experimental. It may be changed in the future without notice.
w: file:///home/odin/Dungeon/Personal/xc-mvp/node_modules/@rnmapbox/maps/android/src/main/java/com/rnmapbox/rnmbx/components/styles/RNMBXStyleFactory.kt:749:17 This API is experimental. It may be changed in the future without notice.
w: file:///home/odin/Dungeon/Personal/xc-mvp/node_modules/@rnmapbox/maps/android/src/main/java/com/rnmapbox/rnmbx/components/styles/RNMBXStyleFactory.kt:749:40 This API is experimental. It may be changed in the future without notice.
w: file:///home/odin/Dungeon/Personal/xc-mvp/node_modules/@rnmapbox/maps/android/src/main/java/com/rnmapbox/rnmbx/components/styles/RNMBXStyleFactory.kt:751:17 This API is experimental. It may be changed in the future without notice.
w: file:///home/odin/Dungeon/Personal/xc-mvp/node_modules/@rnmapbox/maps/android/src/main/java/com/rnmapbox/rnmbx/components/styles/RNMBXStyleFactory.kt:751:43 This API is experimental. It may be changed in the future without notice.
w: file:///home/odin/Dungeon/Personal/xc-mvp/node_modules/@rnmapbox/maps/android/src/main/java/com/rnmapbox/rnmbx/components/styles/RNMBXStyleFactory.kt:753:17 This API is experimental. It may be changed in the future without notice.
w: file:///home/odin/Dungeon/Personal/xc-mvp/node_modules/@rnmapbox/maps/android/src/main/java/com/rnmapbox/rnmbx/components/styles/RNMBXStyleFactory.kt:753:46 This API is experimental. It may be changed in the future without notice.
w: file:///home/odin/Dungeon/Personal/xc-mvp/node_modules/@rnmapbox/maps/android/src/main/java/com/rnmapbox/rnmbx/components/styles/RNMBXStyleFactory.kt:755:17 This API is experimental. It may be changed in the future without notice.
w: file:///home/odin/Dungeon/Personal/xc-mvp/node_modules/@rnmapbox/maps/android/src/main/java/com/rnmapbox/rnmbx/components/styles/RNMBXStyleFactory.kt:755:56 This API is experimental. It may be changed in the future without notice.
w: file:///home/odin/Dungeon/Personal/xc-mvp/node_modules/@rnmapbox/maps/android/src/main/java/com/rnmapbox/rnmbx/components/styles/RNMBXStyleFactory.kt:757:17 This API is experimental. It may be changed in the future without notice.
w: file:///home/odin/Dungeon/Personal/xc-mvp/node_modules/@rnmapbox/maps/android/src/main/java/com/rnmapbox/rnmbx/components/styles/RNMBXStyleFactory.kt:757:52 This API is experimental. It may be changed in the future without notice.
w: file:///home/odin/Dungeon/Personal/xc-mvp/node_modules/@rnmapbox/maps/android/src/main/java/com/rnmapbox/rnmbx/components/styles/RNMBXStyleFactory.kt:759:17 This API is experimental. It may be changed in the future without notice.
w: file:///home/odin/Dungeon/Personal/xc-mvp/node_modules/@rnmapbox/maps/android/src/main/java/com/rnmapbox/rnmbx/components/styles/RNMBXStyleFactory.kt:759:62 This API is experimental. It may be changed in the future without notice.
w: file:///home/odin/Dungeon/Personal/xc-mvp/node_modules/@rnmapbox/maps/android/src/main/java/com/rnmapbox/rnmbx/components/styles/RNMBXStyleFactory.kt:761:17 This API is experimental. It may be changed in the future without notice.
w: file:///home/odin/Dungeon/Personal/xc-mvp/node_modules/@rnmapbox/maps/android/src/main/java/com/rnmapbox/rnmbx/components/styles/RNMBXStyleFactory.kt:761:50 This API is experimental. It may be changed in the future without notice.
w: file:///home/odin/Dungeon/Personal/xc-mvp/node_modules/@rnmapbox/maps/android/src/main/java/com/rnmapbox/rnmbx/components/styles/RNMBXStyleFactory.kt:1048:34 This API is experimental. It may be changed in the future without notice.
w: file:///home/odin/Dungeon/Personal/xc-mvp/node_modules/@rnmapbox/maps/android/src/main/java/com/rnmapbox/rnmbx/components/styles/RNMBXStyleFactory.kt:1061:17 This API is experimental. It may be changed in the future without notice.
w: file:///home/odin/Dungeon/Personal/xc-mvp/node_modules/@rnmapbox/maps/android/src/main/java/com/rnmapbox/rnmbx/components/styles/RNMBXStyleFactory.kt:1061:28 This API is experimental. It may be changed in the future without notice.
w: file:///home/odin/Dungeon/Personal/xc-mvp/node_modules/@rnmapbox/maps/android/src/main/java/com/rnmapbox/rnmbx/components/styles/RNMBXStyleFactory.kt:1063:17 This API is experimental. It may be changed in the future without notice.
w: file:///home/odin/Dungeon/Personal/xc-mvp/node_modules/@rnmapbox/maps/android/src/main/java/com/rnmapbox/rnmbx/components/styles/RNMBXStyleFactory.kt:1063:38 This API is experimental. It may be changed in the future without notice.
w: file:///home/odin/Dungeon/Personal/xc-mvp/node_modules/@rnmapbox/maps/android/src/main/java/com/rnmapbox/rnmbx/components/styles/RNMBXStyleFactory.kt:1065:17 This API is experimental. It may be changed in the future without notice.
w: file:///home/odin/Dungeon/Personal/xc-mvp/node_modules/@rnmapbox/maps/android/src/main/java/com/rnmapbox/rnmbx/components/styles/RNMBXStyleFactory.kt:1065:30 This API is experimental. It may be changed in the future without notice.
w: file:///home/odin/Dungeon/Personal/xc-mvp/node_modules/@rnmapbox/maps/android/src/main/java/com/rnmapbox/rnmbx/components/styles/RNMBXStyleFactory.kt:1067:17 This API is experimental. It may be changed in the future without notice.
w: file:///home/odin/Dungeon/Personal/xc-mvp/node_modules/@rnmapbox/maps/android/src/main/java/com/rnmapbox/rnmbx/components/styles/RNMBXStyleFactory.kt:1067:40 This API is experimental. It may be changed in the future without notice.
w: file:///home/odin/Dungeon/Personal/xc-mvp/node_modules/@rnmapbox/maps/android/src/main/java/com/rnmapbox/rnmbx/components/styles/RNMBXStyleFactory.kt:1069:17 This API is experimental. It may be changed in the future without notice.
w: file:///home/odin/Dungeon/Personal/xc-mvp/node_modules/@rnmapbox/maps/android/src/main/java/com/rnmapbox/rnmbx/components/styles/RNMBXStyleFactory.kt:1069:26 This API is experimental. It may be changed in the future without notice.
w: file:///home/odin/Dungeon/Personal/xc-mvp/node_modules/@rnmapbox/maps/android/src/main/java/com/rnmapbox/rnmbx/components/styles/RNMBXStyleFactory.kt:1071:17 This API is experimental. It may be changed in the future without notice.
w: file:///home/odin/Dungeon/Personal/xc-mvp/node_modules/@rnmapbox/maps/android/src/main/java/com/rnmapbox/rnmbx/components/styles/RNMBXStyleFactory.kt:1071:36 This API is experimental. It may be changed in the future without notice.
w: file:///home/odin/Dungeon/Personal/xc-mvp/node_modules/@rnmapbox/maps/android/src/main/java/com/rnmapbox/rnmbx/components/styles/RNMBXStyleFactory.kt:1073:17 This API is experimental. It may be changed in the future without notice.
w: file:///home/odin/Dungeon/Personal/xc-mvp/node_modules/@rnmapbox/maps/android/src/main/java/com/rnmapbox/rnmbx/components/styles/RNMBXStyleFactory.kt:1073:28 This API is experimental. It may be changed in the future without notice.
w: file:///home/odin/Dungeon/Personal/xc-mvp/node_modules/@rnmapbox/maps/android/src/main/java/com/rnmapbox/rnmbx/components/styles/RNMBXStyleFactory.kt:1075:17 This API is experimental. It may be changed in the future without notice.
w: file:///home/odin/Dungeon/Personal/xc-mvp/node_modules/@rnmapbox/maps/android/src/main/java/com/rnmapbox/rnmbx/components/styles/RNMBXStyleFactory.kt:1075:38 This API is experimental. It may be changed in the future without notice.
w: file:///home/odin/Dungeon/Personal/xc-mvp/node_modules/@rnmapbox/maps/android/src/main/java/com/rnmapbox/rnmbx/components/styles/RNMBXStyleFactory.kt:1077:17 This API is experimental. It may be changed in the future without notice.
w: file:///home/odin/Dungeon/Personal/xc-mvp/node_modules/@rnmapbox/maps/android/src/main/java/com/rnmapbox/rnmbx/components/styles/RNMBXStyleFactory.kt:1077:29 This API is experimental. It may be changed in the future without notice.
w: file:///home/odin/Dungeon/Personal/xc-mvp/node_modules/@rnmapbox/maps/android/src/main/java/com/rnmapbox/rnmbx/components/styles/RNMBXStyleFactory.kt:1079:17 This API is experimental. It may be changed in the future without notice.
w: file:///home/odin/Dungeon/Personal/xc-mvp/node_modules/@rnmapbox/maps/android/src/main/java/com/rnmapbox/rnmbx/components/styles/RNMBXStyleFactory.kt:1079:39 This API is experimental. It may be changed in the future without notice.
w: file:///home/odin/Dungeon/Personal/xc-mvp/node_modules/@rnmapbox/maps/android/src/main/java/com/rnmapbox/rnmbx/components/styles/RNMBXStyleFactory.kt:1081:17 This API is experimental. It may be changed in the future without notice.
w: file:///home/odin/Dungeon/Personal/xc-mvp/node_modules/@rnmapbox/maps/android/src/main/java/com/rnmapbox/rnmbx/components/styles/RNMBXStyleFactory.kt:1081:34 This API is experimental. It may be changed in the future without notice.
w: file:///home/odin/Dungeon/Personal/xc-mvp/node_modules/@rnmapbox/maps/android/src/main/java/com/rnmapbox/rnmbx/components/styles/RNMBXStyleFactory.kt:1083:17 This API is experimental. It may be changed in the future without notice.
w: file:///home/odin/Dungeon/Personal/xc-mvp/node_modules/@rnmapbox/maps/android/src/main/java/com/rnmapbox/rnmbx/components/styles/RNMBXStyleFactory.kt:1083:44 This API is experimental. It may be changed in the future without notice.
w: file:///home/odin/Dungeon/Personal/xc-mvp/node_modules/@rnmapbox/maps/android/src/main/java/com/rnmapbox/rnmbx/components/styles/RNMBXStyleFactory.kt:1085:17 This API is experimental. It may be changed in the future without notice.
w: file:///home/odin/Dungeon/Personal/xc-mvp/node_modules/@rnmapbox/maps/android/src/main/java/com/rnmapbox/rnmbx/components/styles/RNMBXStyleFactory.kt:1085:35 This API is experimental. It may be changed in the future without notice.
w: file:///home/odin/Dungeon/Personal/xc-mvp/node_modules/@rnmapbox/maps/android/src/main/java/com/rnmapbox/rnmbx/components/styles/RNMBXStyleFactory.kt:1087:17 This API is experimental. It may be changed in the future without notice.
w: file:///home/odin/Dungeon/Personal/xc-mvp/node_modules/@rnmapbox/maps/android/src/main/java/com/rnmapbox/rnmbx/components/styles/RNMBXStyleFactory.kt:1087:45 This API is experimental. It may be changed in the future without notice.
w: file:///home/odin/Dungeon/Personal/xc-mvp/node_modules/@rnmapbox/maps/android/src/main/java/com/rnmapbox/rnmbx/components/styles/RNMBXStyleFactory.kt:1089:17 This API is experimental. It may be changed in the future without notice.
w: file:///home/odin/Dungeon/Personal/xc-mvp/node_modules/@rnmapbox/maps/android/src/main/java/com/rnmapbox/rnmbx/components/styles/RNMBXStyleFactory.kt:1089:30 This API is experimental. It may be changed in the future without notice.
w: file:///home/odin/Dungeon/Personal/xc-mvp/node_modules/@rnmapbox/maps/android/src/main/java/com/rnmapbox/rnmbx/components/styles/RNMBXStyleFactory.kt:1091:17 This API is experimental. It may be changed in the future without notice.
w: file:///home/odin/Dungeon/Personal/xc-mvp/node_modules/@rnmapbox/maps/android/src/main/java/com/rnmapbox/rnmbx/components/styles/RNMBXStyleFactory.kt:1091:40 This API is experimental. It may be changed in the future without notice.
w: file:///home/odin/Dungeon/Personal/xc-mvp/node_modules/@rnmapbox/maps/android/src/main/java/com/rnmapbox/rnmbx/components/styles/RNMBXStyleFactory.kt:1093:17 This API is experimental. It may be changed in the future without notice.
w: file:///home/odin/Dungeon/Personal/xc-mvp/node_modules/@rnmapbox/maps/android/src/main/java/com/rnmapbox/rnmbx/components/styles/RNMBXStyleFactory.kt:1093:30 This API is experimental. It may be changed in the future without notice.
w: file:///home/odin/Dungeon/Personal/xc-mvp/node_modules/@rnmapbox/maps/android/src/main/java/com/rnmapbox/rnmbx/components/styles/RNMBXStyleFactory.kt:1095:17 This API is experimental. It may be changed in the future without notice.
w: file:///home/odin/Dungeon/Personal/xc-mvp/node_modules/@rnmapbox/maps/android/src/main/java/com/rnmapbox/rnmbx/components/styles/RNMBXStyleFactory.kt:1095:40 This API is experimental. It may be changed in the future without notice.
w: file:///home/odin/Dungeon/Personal/xc-mvp/node_modules/@rnmapbox/maps/android/src/main/java/com/rnmapbox/rnmbx/components/styles/RNMBXStyleFactory.kt:1102:34 This API is experimental. It may be changed in the future without notice.
w: file:///home/odin/Dungeon/Personal/xc-mvp/node_modules/@rnmapbox/maps/android/src/main/java/com/rnmapbox/rnmbx/components/styles/RNMBXStyleFactory.kt:1115:17 This API is experimental. It may be changed in the future without notice.
w: file:///home/odin/Dungeon/Personal/xc-mvp/node_modules/@rnmapbox/maps/android/src/main/java/com/rnmapbox/rnmbx/components/styles/RNMBXStyleFactory.kt:1115:28 This API is experimental. It may be changed in the future without notice.
w: file:///home/odin/Dungeon/Personal/xc-mvp/node_modules/@rnmapbox/maps/android/src/main/java/com/rnmapbox/rnmbx/components/styles/RNMBXStyleFactory.kt:1117:17 This API is experimental. It may be changed in the future without notice.
w: file:///home/odin/Dungeon/Personal/xc-mvp/node_modules/@rnmapbox/maps/android/src/main/java/com/rnmapbox/rnmbx/components/styles/RNMBXStyleFactory.kt:1117:38 This API is experimental. It may be changed in the future without notice.
w: file:///home/odin/Dungeon/Personal/xc-mvp/node_modules/@rnmapbox/maps/android/src/main/java/com/rnmapbox/rnmbx/components/styles/RNMBXStyleFactory.kt:1119:17 This API is experimental. It may be changed in the future without notice.
w: file:///home/odin/Dungeon/Personal/xc-mvp/node_modules/@rnmapbox/maps/android/src/main/java/com/rnmapbox/rnmbx/components/styles/RNMBXStyleFactory.kt:1119:30 This API is experimental. It may be changed in the future without notice.
w: file:///home/odin/Dungeon/Personal/xc-mvp/node_modules/@rnmapbox/maps/android/src/main/java/com/rnmapbox/rnmbx/components/styles/RNMBXStyleFactory.kt:1121:17 This API is experimental. It may be changed in the future without notice.
w: file:///home/odin/Dungeon/Personal/xc-mvp/node_modules/@rnmapbox/maps/android/src/main/java/com/rnmapbox/rnmbx/components/styles/RNMBXStyleFactory.kt:1121:40 This API is experimental. It may be changed in the future without notice.
w: file:///home/odin/Dungeon/Personal/xc-mvp/node_modules/@rnmapbox/maps/android/src/main/java/com/rnmapbox/rnmbx/components/styles/RNMBXStyleFactory.kt:1123:17 This API is experimental. It may be changed in the future without notice.
w: file:///home/odin/Dungeon/Personal/xc-mvp/node_modules/@rnmapbox/maps/android/src/main/java/com/rnmapbox/rnmbx/components/styles/RNMBXStyleFactory.kt:1123:26 This API is experimental. It may be changed in the future without notice.
w: file:///home/odin/Dungeon/Personal/xc-mvp/node_modules/@rnmapbox/maps/android/src/main/java/com/rnmapbox/rnmbx/components/styles/RNMBXStyleFactory.kt:1125:17 This API is experimental. It may be changed in the future without notice.
w: file:///home/odin/Dungeon/Personal/xc-mvp/node_modules/@rnmapbox/maps/android/src/main/java/com/rnmapbox/rnmbx/components/styles/RNMBXStyleFactory.kt:1125:36 This API is experimental. It may be changed in the future without notice.
w: file:///home/odin/Dungeon/Personal/xc-mvp/node_modules/@rnmapbox/maps/android/src/main/java/com/rnmapbox/rnmbx/components/styles/RNMBXStyleFactory.kt:1127:17 This API is experimental. It may be changed in the future without notice.
w: file:///home/odin/Dungeon/Personal/xc-mvp/node_modules/@rnmapbox/maps/android/src/main/java/com/rnmapbox/rnmbx/components/styles/RNMBXStyleFactory.kt:1127:28 This API is experimental. It may be changed in the future without notice.
w: file:///home/odin/Dungeon/Personal/xc-mvp/node_modules/@rnmapbox/maps/android/src/main/java/com/rnmapbox/rnmbx/components/styles/RNMBXStyleFactory.kt:1129:17 This API is experimental. It may be changed in the future without notice.
w: file:///home/odin/Dungeon/Personal/xc-mvp/node_modules/@rnmapbox/maps/android/src/main/java/com/rnmapbox/rnmbx/components/styles/RNMBXStyleFactory.kt:1129:38 This API is experimental. It may be changed in the future without notice.
w: file:///home/odin/Dungeon/Personal/xc-mvp/node_modules/@rnmapbox/maps/android/src/main/java/com/rnmapbox/rnmbx/components/styles/RNMBXStyleFactory.kt:1131:17 This API is experimental. It may be changed in the future without notice.
w: file:///home/odin/Dungeon/Personal/xc-mvp/node_modules/@rnmapbox/maps/android/src/main/java/com/rnmapbox/rnmbx/components/styles/RNMBXStyleFactory.kt:1131:29 This API is experimental. It may be changed in the future without notice.
w: file:///home/odin/Dungeon/Personal/xc-mvp/node_modules/@rnmapbox/maps/android/src/main/java/com/rnmapbox/rnmbx/components/styles/RNMBXStyleFactory.kt:1133:17 This API is experimental. It may be changed in the future without notice.
w: file:///home/odin/Dungeon/Personal/xc-mvp/node_modules/@rnmapbox/maps/android/src/main/java/com/rnmapbox/rnmbx/components/styles/RNMBXStyleFactory.kt:1133:39 This API is experimental. It may be changed in the future without notice.
w: file:///home/odin/Dungeon/Personal/xc-mvp/node_modules/@rnmapbox/maps/android/src/main/java/com/rnmapbox/rnmbx/components/styles/RNMBXStyleFactory.kt:1135:17 This API is experimental. It may be changed in the future without notice.
w: file:///home/odin/Dungeon/Personal/xc-mvp/node_modules/@rnmapbox/maps/android/src/main/java/com/rnmapbox/rnmbx/components/styles/RNMBXStyleFactory.kt:1135:34 This API is experimental. It may be changed in the future without notice.
w: file:///home/odin/Dungeon/Personal/xc-mvp/node_modules/@rnmapbox/maps/android/src/main/java/com/rnmapbox/rnmbx/components/styles/RNMBXStyleFactory.kt:1137:17 This API is experimental. It may be changed in the future without notice.
w: file:///home/odin/Dungeon/Personal/xc-mvp/node_modules/@rnmapbox/maps/android/src/main/java/com/rnmapbox/rnmbx/components/styles/RNMBXStyleFactory.kt:1137:44 This API is experimental. It may be changed in the future without notice.
w: file:///home/odin/Dungeon/Personal/xc-mvp/node_modules/@rnmapbox/maps/android/src/main/java/com/rnmapbox/rnmbx/components/styles/RNMBXStyleFactory.kt:1139:17 This API is experimental. It may be changed in the future without notice.
w: file:///home/odin/Dungeon/Personal/xc-mvp/node_modules/@rnmapbox/maps/android/src/main/java/com/rnmapbox/rnmbx/components/styles/RNMBXStyleFactory.kt:1139:35 This API is experimental. It may be changed in the future without notice.
w: file:///home/odin/Dungeon/Personal/xc-mvp/node_modules/@rnmapbox/maps/android/src/main/java/com/rnmapbox/rnmbx/components/styles/RNMBXStyleFactory.kt:1141:17 This API is experimental. It may be changed in the future without notice.
w: file:///home/odin/Dungeon/Personal/xc-mvp/node_modules/@rnmapbox/maps/android/src/main/java/com/rnmapbox/rnmbx/components/styles/RNMBXStyleFactory.kt:1141:45 This API is experimental. It may be changed in the future without notice.
w: file:///home/odin/Dungeon/Personal/xc-mvp/node_modules/@rnmapbox/maps/android/src/main/java/com/rnmapbox/rnmbx/components/styles/RNMBXStyleFactory.kt:1143:17 This API is experimental. It may be changed in the future without notice.
w: file:///home/odin/Dungeon/Personal/xc-mvp/node_modules/@rnmapbox/maps/android/src/main/java/com/rnmapbox/rnmbx/components/styles/RNMBXStyleFactory.kt:1143:30 This API is experimental. It may be changed in the future without notice.
w: file:///home/odin/Dungeon/Personal/xc-mvp/node_modules/@rnmapbox/maps/android/src/main/java/com/rnmapbox/rnmbx/components/styles/RNMBXStyleFactory.kt:1145:17 This API is experimental. It may be changed in the future without notice.
w: file:///home/odin/Dungeon/Personal/xc-mvp/node_modules/@rnmapbox/maps/android/src/main/java/com/rnmapbox/rnmbx/components/styles/RNMBXStyleFactory.kt:1145:40 This API is experimental. It may be changed in the future without notice.
w: file:///home/odin/Dungeon/Personal/xc-mvp/node_modules/@rnmapbox/maps/android/src/main/java/com/rnmapbox/rnmbx/components/styles/RNMBXStyleFactory.kt:1147:17 This API is experimental. It may be changed in the future without notice.
w: file:///home/odin/Dungeon/Personal/xc-mvp/node_modules/@rnmapbox/maps/android/src/main/java/com/rnmapbox/rnmbx/components/styles/RNMBXStyleFactory.kt:1147:32 This API is experimental. It may be changed in the future without notice.
w: file:///home/odin/Dungeon/Personal/xc-mvp/node_modules/@rnmapbox/maps/android/src/main/java/com/rnmapbox/rnmbx/components/styles/RNMBXStyleFactory.kt:1149:17 This API is experimental. It may be changed in the future without notice.
w: file:///home/odin/Dungeon/Personal/xc-mvp/node_modules/@rnmapbox/maps/android/src/main/java/com/rnmapbox/rnmbx/components/styles/RNMBXStyleFactory.kt:1149:42 This API is experimental. It may be changed in the future without notice.
w: file:///home/odin/Dungeon/Personal/xc-mvp/node_modules/@rnmapbox/maps/android/src/main/java/com/rnmapbox/rnmbx/components/styles/RNMBXStyleFactory.kt:1151:17 This API is experimental. It may be changed in the future without notice.
w: file:///home/odin/Dungeon/Personal/xc-mvp/node_modules/@rnmapbox/maps/android/src/main/java/com/rnmapbox/rnmbx/components/styles/RNMBXStyleFactory.kt:1151:39 This API is experimental. It may be changed in the future without notice.
w: file:///home/odin/Dungeon/Personal/xc-mvp/node_modules/@rnmapbox/maps/android/src/main/java/com/rnmapbox/rnmbx/components/styles/RNMBXStyleFactory.kt:1153:17 This API is experimental. It may be changed in the future without notice.
w: file:///home/odin/Dungeon/Personal/xc-mvp/node_modules/@rnmapbox/maps/android/src/main/java/com/rnmapbox/rnmbx/components/styles/RNMBXStyleFactory.kt:1153:49 This API is experimental. It may be changed in the future without notice.
w: file:///home/odin/Dungeon/Personal/xc-mvp/node_modules/@rnmapbox/maps/android/src/main/java/com/rnmapbox/rnmbx/components/styles/RNMBXStyleFactory.kt:1191:15 Condition is always 'true'.
w: file:///home/odin/Dungeon/Personal/xc-mvp/node_modules/@rnmapbox/maps/android/src/main/java/com/rnmapbox/rnmbx/components/styles/RNMBXStyleFactory.kt:1213:15 Condition is always 'true'.
w: file:///home/odin/Dungeon/Personal/xc-mvp/node_modules/@rnmapbox/maps/android/src/main/java/com/rnmapbox/rnmbx/components/styles/RNMBXStyleFactory.kt:1231:15 Condition is always 'true'.
w: file:///home/odin/Dungeon/Personal/xc-mvp/node_modules/@rnmapbox/maps/android/src/main/java/com/rnmapbox/rnmbx/components/styles/RNMBXStyleFactory.kt:1257:15 Condition is always 'true'.
w: file:///home/odin/Dungeon/Personal/xc-mvp/node_modules/@rnmapbox/maps/android/src/main/java/com/rnmapbox/rnmbx/components/styles/RNMBXStyleFactory.kt:1283:15 Condition is always 'true'.
w: file:///home/odin/Dungeon/Personal/xc-mvp/node_modules/@rnmapbox/maps/android/src/main/java/com/rnmapbox/rnmbx/components/styles/RNMBXStyleFactory.kt:1309:15 Condition is always 'true'.
w: file:///home/odin/Dungeon/Personal/xc-mvp/node_modules/@rnmapbox/maps/android/src/main/java/com/rnmapbox/rnmbx/components/styles/RNMBXStyleFactory.kt:1375:15 Condition is always 'true'.
w: file:///home/odin/Dungeon/Personal/xc-mvp/node_modules/@rnmapbox/maps/android/src/main/java/com/rnmapbox/rnmbx/components/styles/RNMBXStyleFactory.kt:1393:15 Condition is always 'true'.
w: file:///home/odin/Dungeon/Personal/xc-mvp/node_modules/@rnmapbox/maps/android/src/main/java/com/rnmapbox/rnmbx/components/styles/RNMBXStyleFactory.kt:1445:15 Condition is always 'true'.
w: file:///home/odin/Dungeon/Personal/xc-mvp/node_modules/@rnmapbox/maps/android/src/main/java/com/rnmapbox/rnmbx/components/styles/RNMBXStyleFactory.kt:1463:15 Condition is always 'true'.
w: file:///home/odin/Dungeon/Personal/xc-mvp/node_modules/@rnmapbox/maps/android/src/main/java/com/rnmapbox/rnmbx/components/styles/RNMBXStyleFactory.kt:1481:15 Condition is always 'true'.
w: file:///home/odin/Dungeon/Personal/xc-mvp/node_modules/@rnmapbox/maps/android/src/main/java/com/rnmapbox/rnmbx/components/styles/RNMBXStyleFactory.kt:1503:15 Condition is always 'true'.
w: file:///home/odin/Dungeon/Personal/xc-mvp/node_modules/@rnmapbox/maps/android/src/main/java/com/rnmapbox/rnmbx/components/styles/RNMBXStyleFactory.kt:1529:15 Condition is always 'true'.
w: file:///home/odin/Dungeon/Personal/xc-mvp/node_modules/@rnmapbox/maps/android/src/main/java/com/rnmapbox/rnmbx/components/styles/RNMBXStyleFactory.kt:1555:15 Condition is always 'true'.
w: file:///home/odin/Dungeon/Personal/xc-mvp/node_modules/@rnmapbox/maps/android/src/main/java/com/rnmapbox/rnmbx/components/styles/RNMBXStyleFactory.kt:1594:15 Condition is always 'true'.
w: file:///home/odin/Dungeon/Personal/xc-mvp/node_modules/@rnmapbox/maps/android/src/main/java/com/rnmapbox/rnmbx/components/styles/RNMBXStyleFactory.kt:1620:15 Condition is always 'true'.
w: file:///home/odin/Dungeon/Personal/xc-mvp/node_modules/@rnmapbox/maps/android/src/main/java/com/rnmapbox/rnmbx/components/styles/RNMBXStyleFactory.kt:1646:15 Condition is always 'true'.
w: file:///home/odin/Dungeon/Personal/xc-mvp/node_modules/@rnmapbox/maps/android/src/main/java/com/rnmapbox/rnmbx/components/styles/RNMBXStyleFactory.kt:1672:15 Condition is always 'true'.
w: file:///home/odin/Dungeon/Personal/xc-mvp/node_modules/@rnmapbox/maps/android/src/main/java/com/rnmapbox/rnmbx/components/styles/RNMBXStyleFactory.kt:1698:15 Condition is always 'true'.
w: file:///home/odin/Dungeon/Personal/xc-mvp/node_modules/@rnmapbox/maps/android/src/main/java/com/rnmapbox/rnmbx/components/styles/RNMBXStyleFactory.kt:1756:15 Condition is always 'true'.
w: file:///home/odin/Dungeon/Personal/xc-mvp/node_modules/@rnmapbox/maps/android/src/main/java/com/rnmapbox/rnmbx/components/styles/RNMBXStyleFactory.kt:1774:15 Condition is always 'true'.
w: file:///home/odin/Dungeon/Personal/xc-mvp/node_modules/@rnmapbox/maps/android/src/main/java/com/rnmapbox/rnmbx/components/styles/RNMBXStyleFactory.kt:1800:15 Condition is always 'true'.
w: file:///home/odin/Dungeon/Personal/xc-mvp/node_modules/@rnmapbox/maps/android/src/main/java/com/rnmapbox/rnmbx/components/styles/RNMBXStyleFactory.kt:1826:15 Condition is always 'true'.
w: file:///home/odin/Dungeon/Personal/xc-mvp/node_modules/@rnmapbox/maps/android/src/main/java/com/rnmapbox/rnmbx/components/styles/RNMBXStyleFactory.kt:1851:17 This API is experimental. It may be changed in the future without notice.
w: file:///home/odin/Dungeon/Personal/xc-mvp/node_modules/@rnmapbox/maps/android/src/main/java/com/rnmapbox/rnmbx/components/styles/RNMBXStyleFactory.kt:1857:15 Condition is always 'true'.
w: file:///home/odin/Dungeon/Personal/xc-mvp/node_modules/@rnmapbox/maps/android/src/main/java/com/rnmapbox/rnmbx/components/styles/RNMBXStyleFactory.kt:1858:19 This API is experimental. It may be changed in the future without notice.
w: file:///home/odin/Dungeon/Personal/xc-mvp/node_modules/@rnmapbox/maps/android/src/main/java/com/rnmapbox/rnmbx/components/styles/RNMBXStyleFactory.kt:1875:15 Condition is always 'true'.
w: file:///home/odin/Dungeon/Personal/xc-mvp/node_modules/@rnmapbox/maps/android/src/main/java/com/rnmapbox/rnmbx/components/styles/RNMBXStyleFactory.kt:1901:15 Condition is always 'true'.
w: file:///home/odin/Dungeon/Personal/xc-mvp/node_modules/@rnmapbox/maps/android/src/main/java/com/rnmapbox/rnmbx/components/styles/RNMBXStyleFactory.kt:1913:17 This API is experimental. It may be changed in the future without notice.
w: file:///home/odin/Dungeon/Personal/xc-mvp/node_modules/@rnmapbox/maps/android/src/main/java/com/rnmapbox/rnmbx/components/styles/RNMBXStyleFactory.kt:1919:15 Condition is always 'true'.
w: file:///home/odin/Dungeon/Personal/xc-mvp/node_modules/@rnmapbox/maps/android/src/main/java/com/rnmapbox/rnmbx/components/styles/RNMBXStyleFactory.kt:1920:19 This API is experimental. It may be changed in the future without notice.
w: file:///home/odin/Dungeon/Personal/xc-mvp/node_modules/@rnmapbox/maps/android/src/main/java/com/rnmapbox/rnmbx/components/styles/RNMBXStyleFactory.kt:1931:17 This API is experimental. It may be changed in the future without notice.
w: file:///home/odin/Dungeon/Personal/xc-mvp/node_modules/@rnmapbox/maps/android/src/main/java/com/rnmapbox/rnmbx/components/styles/RNMBXStyleFactory.kt:1937:15 Condition is always 'true'.
w: file:///home/odin/Dungeon/Personal/xc-mvp/node_modules/@rnmapbox/maps/android/src/main/java/com/rnmapbox/rnmbx/components/styles/RNMBXStyleFactory.kt:1938:19 This API is experimental. It may be changed in the future without notice.
w: file:///home/odin/Dungeon/Personal/xc-mvp/node_modules/@rnmapbox/maps/android/src/main/java/com/rnmapbox/rnmbx/components/styles/RNMBXStyleFactory.kt:1949:15 This API is experimental. It may be changed in the future without notice.
w: file:///home/odin/Dungeon/Personal/xc-mvp/node_modules/@rnmapbox/maps/android/src/main/java/com/rnmapbox/rnmbx/components/styles/RNMBXStyleFactory.kt:1963:15 Condition is always 'true'.
w: file:///home/odin/Dungeon/Personal/xc-mvp/node_modules/@rnmapbox/maps/android/src/main/java/com/rnmapbox/rnmbx/components/styles/RNMBXStyleFactory.kt:1989:15 Condition is always 'true'.
w: file:///home/odin/Dungeon/Personal/xc-mvp/node_modules/@rnmapbox/maps/android/src/main/java/com/rnmapbox/rnmbx/components/styles/RNMBXStyleFactory.kt:2028:15 Condition is always 'true'.
w: file:///home/odin/Dungeon/Personal/xc-mvp/node_modules/@rnmapbox/maps/android/src/main/java/com/rnmapbox/rnmbx/components/styles/RNMBXStyleFactory.kt:2046:15 Condition is always 'true'.
w: file:///home/odin/Dungeon/Personal/xc-mvp/node_modules/@rnmapbox/maps/android/src/main/java/com/rnmapbox/rnmbx/components/styles/RNMBXStyleFactory.kt:2064:15 Condition is always 'true'.
w: file:///home/odin/Dungeon/Personal/xc-mvp/node_modules/@rnmapbox/maps/android/src/main/java/com/rnmapbox/rnmbx/components/styles/RNMBXStyleFactory.kt:2095:15 Condition is always 'true'.
w: file:///home/odin/Dungeon/Personal/xc-mvp/node_modules/@rnmapbox/maps/android/src/main/java/com/rnmapbox/rnmbx/components/styles/RNMBXStyleFactory.kt:2113:15 Condition is always 'true'.
w: file:///home/odin/Dungeon/Personal/xc-mvp/node_modules/@rnmapbox/maps/android/src/main/java/com/rnmapbox/rnmbx/components/styles/RNMBXStyleFactory.kt:2131:15 Condition is always 'true'.
w: file:///home/odin/Dungeon/Personal/xc-mvp/node_modules/@rnmapbox/maps/android/src/main/java/com/rnmapbox/rnmbx/components/styles/RNMBXStyleFactory.kt:2162:15 Condition is always 'true'.
w: file:///home/odin/Dungeon/Personal/xc-mvp/node_modules/@rnmapbox/maps/android/src/main/java/com/rnmapbox/rnmbx/components/styles/RNMBXStyleFactory.kt:2193:15 Condition is always 'true'.
w: file:///home/odin/Dungeon/Personal/xc-mvp/node_modules/@rnmapbox/maps/android/src/main/java/com/rnmapbox/rnmbx/components/styles/RNMBXStyleFactory.kt:2238:15 Condition is always 'true'.
w: file:///home/odin/Dungeon/Personal/xc-mvp/node_modules/@rnmapbox/maps/android/src/main/java/com/rnmapbox/rnmbx/components/styles/RNMBXStyleFactory.kt:2256:15 Condition is always 'true'.
w: file:///home/odin/Dungeon/Personal/xc-mvp/node_modules/@rnmapbox/maps/android/src/main/java/com/rnmapbox/rnmbx/components/styles/RNMBXStyleFactory.kt:2274:15 Condition is always 'true'.
w: file:///home/odin/Dungeon/Personal/xc-mvp/node_modules/@rnmapbox/maps/android/src/main/java/com/rnmapbox/rnmbx/components/styles/RNMBXStyleFactory.kt:2292:15 Condition is always 'true'.
w: file:///home/odin/Dungeon/Personal/xc-mvp/node_modules/@rnmapbox/maps/android/src/main/java/com/rnmapbox/rnmbx/components/styles/RNMBXStyleFactory.kt:2380:15 Condition is always 'true'.
w: file:///home/odin/Dungeon/Personal/xc-mvp/node_modules/@rnmapbox/maps/android/src/main/java/com/rnmapbox/rnmbx/components/styles/RNMBXStyleFactory.kt:2398:15 Condition is always 'true'.
w: file:///home/odin/Dungeon/Personal/xc-mvp/node_modules/@rnmapbox/maps/android/src/main/java/com/rnmapbox/rnmbx/components/styles/RNMBXStyleFactory.kt:2416:15 Condition is always 'true'.
w: file:///home/odin/Dungeon/Personal/xc-mvp/node_modules/@rnmapbox/maps/android/src/main/java/com/rnmapbox/rnmbx/components/styles/RNMBXStyleFactory.kt:2434:15 Condition is always 'true'.
w: file:///home/odin/Dungeon/Personal/xc-mvp/node_modules/@rnmapbox/maps/android/src/main/java/com/rnmapbox/rnmbx/components/styles/RNMBXStyleFactory.kt:2452:15 Condition is always 'true'.
w: file:///home/odin/Dungeon/Personal/xc-mvp/node_modules/@rnmapbox/maps/android/src/main/java/com/rnmapbox/rnmbx/components/styles/RNMBXStyleFactory.kt:2483:15 Condition is always 'true'.
w: file:///home/odin/Dungeon/Personal/xc-mvp/node_modules/@rnmapbox/maps/android/src/main/java/com/rnmapbox/rnmbx/components/styles/RNMBXStyleFactory.kt:2501:15 Condition is always 'true'.
w: file:///home/odin/Dungeon/Personal/xc-mvp/node_modules/@rnmapbox/maps/android/src/main/java/com/rnmapbox/rnmbx/components/styles/RNMBXStyleFactory.kt:2532:15 Condition is always 'true'.
w: file:///home/odin/Dungeon/Personal/xc-mvp/node_modules/@rnmapbox/maps/android/src/main/java/com/rnmapbox/rnmbx/components/styles/RNMBXStyleFactory.kt:2550:15 Condition is always 'true'.
w: file:///home/odin/Dungeon/Personal/xc-mvp/node_modules/@rnmapbox/maps/android/src/main/java/com/rnmapbox/rnmbx/components/styles/RNMBXStyleFactory.kt:2568:15 Condition is always 'true'.
w: file:///home/odin/Dungeon/Personal/xc-mvp/node_modules/@rnmapbox/maps/android/src/main/java/com/rnmapbox/rnmbx/components/styles/RNMBXStyleFactory.kt:2586:15 Condition is always 'true'.
w: file:///home/odin/Dungeon/Personal/xc-mvp/node_modules/@rnmapbox/maps/android/src/main/java/com/rnmapbox/rnmbx/components/styles/RNMBXStyleFactory.kt:2604:15 Condition is always 'true'.
w: file:///home/odin/Dungeon/Personal/xc-mvp/node_modules/@rnmapbox/maps/android/src/main/java/com/rnmapbox/rnmbx/components/styles/RNMBXStyleFactory.kt:2635:15 Condition is always 'true'.
w: file:///home/odin/Dungeon/Personal/xc-mvp/node_modules/@rnmapbox/maps/android/src/main/java/com/rnmapbox/rnmbx/components/styles/RNMBXStyleFactory.kt:2653:15 Condition is always 'true'.
w: file:///home/odin/Dungeon/Personal/xc-mvp/node_modules/@rnmapbox/maps/android/src/main/java/com/rnmapbox/rnmbx/components/styles/RNMBXStyleFactory.kt:2671:15 Condition is always 'true'.
w: file:///home/odin/Dungeon/Personal/xc-mvp/node_modules/@rnmapbox/maps/android/src/main/java/com/rnmapbox/rnmbx/components/styles/RNMBXStyleFactory.kt:2689:15 Condition is always 'true'.
w: file:///home/odin/Dungeon/Personal/xc-mvp/node_modules/@rnmapbox/maps/android/src/main/java/com/rnmapbox/rnmbx/components/styles/RNMBXStyleFactory.kt:2711:15 Condition is always 'true'.
w: file:///home/odin/Dungeon/Personal/xc-mvp/node_modules/@rnmapbox/maps/android/src/main/java/com/rnmapbox/rnmbx/components/styles/RNMBXStyleFactory.kt:2737:15 Condition is always 'true'.
w: file:///home/odin/Dungeon/Personal/xc-mvp/node_modules/@rnmapbox/maps/android/src/main/java/com/rnmapbox/rnmbx/components/styles/RNMBXStyleFactory.kt:2763:15 Condition is always 'true'.
w: file:///home/odin/Dungeon/Personal/xc-mvp/node_modules/@rnmapbox/maps/android/src/main/java/com/rnmapbox/rnmbx/components/styles/RNMBXStyleFactory.kt:2789:15 Condition is always 'true'.
w: file:///home/odin/Dungeon/Personal/xc-mvp/node_modules/@rnmapbox/maps/android/src/main/java/com/rnmapbox/rnmbx/components/styles/RNMBXStyleFactory.kt:2815:15 Condition is always 'true'.
w: file:///home/odin/Dungeon/Personal/xc-mvp/node_modules/@rnmapbox/maps/android/src/main/java/com/rnmapbox/rnmbx/components/styles/RNMBXStyleFactory.kt:2841:15 Condition is always 'true'.
w: file:///home/odin/Dungeon/Personal/xc-mvp/node_modules/@rnmapbox/maps/android/src/main/java/com/rnmapbox/rnmbx/components/styles/RNMBXStyleFactory.kt:2880:15 Condition is always 'true'.
w: file:///home/odin/Dungeon/Personal/xc-mvp/node_modules/@rnmapbox/maps/android/src/main/java/com/rnmapbox/rnmbx/components/styles/RNMBXStyleFactory.kt:2906:15 Condition is always 'true'.
w: file:///home/odin/Dungeon/Personal/xc-mvp/node_modules/@rnmapbox/maps/android/src/main/java/com/rnmapbox/rnmbx/components/styles/RNMBXStyleFactory.kt:2932:15 Condition is always 'true'.
w: file:///home/odin/Dungeon/Personal/xc-mvp/node_modules/@rnmapbox/maps/android/src/main/java/com/rnmapbox/rnmbx/components/styles/RNMBXStyleFactory.kt:2958:15 Condition is always 'true'.
w: file:///home/odin/Dungeon/Personal/xc-mvp/node_modules/@rnmapbox/maps/android/src/main/java/com/rnmapbox/rnmbx/components/styles/RNMBXStyleFactory.kt:2984:15 Condition is always 'true'.
w: file:///home/odin/Dungeon/Personal/xc-mvp/node_modules/@rnmapbox/maps/android/src/main/java/com/rnmapbox/rnmbx/components/styles/RNMBXStyleFactory.kt:3010:15 Condition is always 'true'.
w: file:///home/odin/Dungeon/Personal/xc-mvp/node_modules/@rnmapbox/maps/android/src/main/java/com/rnmapbox/rnmbx/components/styles/RNMBXStyleFactory.kt:3049:15 Condition is always 'true'.
w: file:///home/odin/Dungeon/Personal/xc-mvp/node_modules/@rnmapbox/maps/android/src/main/java/com/rnmapbox/rnmbx/components/styles/RNMBXStyleFactory.kt:3061:17 This API is experimental. It may be changed in the future without notice.
w: file:///home/odin/Dungeon/Personal/xc-mvp/node_modules/@rnmapbox/maps/android/src/main/java/com/rnmapbox/rnmbx/components/styles/RNMBXStyleFactory.kt:3066:17 This API is experimental. It may be changed in the future without notice.
w: file:///home/odin/Dungeon/Personal/xc-mvp/node_modules/@rnmapbox/maps/android/src/main/java/com/rnmapbox/rnmbx/components/styles/RNMBXStyleFactory.kt:3066:42 This API is experimental. It may be changed in the future without notice.
w: file:///home/odin/Dungeon/Personal/xc-mvp/node_modules/@rnmapbox/maps/android/src/main/java/com/rnmapbox/rnmbx/components/styles/RNMBXStyleFactory.kt:3066:67 This API is experimental. It may be changed in the future without notice.
w: file:///home/odin/Dungeon/Personal/xc-mvp/node_modules/@rnmapbox/maps/android/src/main/java/com/rnmapbox/rnmbx/components/styles/RNMBXStyleFactory.kt:3080:15 Condition is always 'true'.
w: file:///home/odin/Dungeon/Personal/xc-mvp/node_modules/@rnmapbox/maps/android/src/main/java/com/rnmapbox/rnmbx/components/styles/RNMBXStyleFactory.kt:3106:15 Condition is always 'true'.
w: file:///home/odin/Dungeon/Personal/xc-mvp/node_modules/@rnmapbox/maps/android/src/main/java/com/rnmapbox/rnmbx/components/styles/RNMBXStyleFactory.kt:3132:15 Condition is always 'true'.
w: file:///home/odin/Dungeon/Personal/xc-mvp/node_modules/@rnmapbox/maps/android/src/main/java/com/rnmapbox/rnmbx/components/styles/RNMBXStyleFactory.kt:3158:15 Condition is always 'true'.
w: file:///home/odin/Dungeon/Personal/xc-mvp/node_modules/@rnmapbox/maps/android/src/main/java/com/rnmapbox/rnmbx/components/styles/RNMBXStyleFactory.kt:3176:15 Condition is always 'true'.
w: file:///home/odin/Dungeon/Personal/xc-mvp/node_modules/@rnmapbox/maps/android/src/main/java/com/rnmapbox/rnmbx/components/styles/RNMBXStyleFactory.kt:3202:15 Condition is always 'true'.
w: file:///home/odin/Dungeon/Personal/xc-mvp/node_modules/@rnmapbox/maps/android/src/main/java/com/rnmapbox/rnmbx/components/styles/RNMBXStyleFactory.kt:3220:15 Condition is always 'true'.
w: file:///home/odin/Dungeon/Personal/xc-mvp/node_modules/@rnmapbox/maps/android/src/main/java/com/rnmapbox/rnmbx/components/styles/RNMBXStyleFactory.kt:3238:15 Condition is always 'true'.
w: file:///home/odin/Dungeon/Personal/xc-mvp/node_modules/@rnmapbox/maps/android/src/main/java/com/rnmapbox/rnmbx/components/styles/RNMBXStyleFactory.kt:3256:15 Condition is always 'true'.
w: file:///home/odin/Dungeon/Personal/xc-mvp/node_modules/@rnmapbox/maps/android/src/main/java/com/rnmapbox/rnmbx/components/styles/RNMBXStyleFactory.kt:3268:17 This API is experimental. It may be changed in the future without notice.
w: file:///home/odin/Dungeon/Personal/xc-mvp/node_modules/@rnmapbox/maps/android/src/main/java/com/rnmapbox/rnmbx/components/styles/RNMBXStyleFactory.kt:3274:15 Condition is always 'true'.
w: file:///home/odin/Dungeon/Personal/xc-mvp/node_modules/@rnmapbox/maps/android/src/main/java/com/rnmapbox/rnmbx/components/styles/RNMBXStyleFactory.kt:3275:19 This API is experimental. It may be changed in the future without notice.
w: file:///home/odin/Dungeon/Personal/xc-mvp/node_modules/@rnmapbox/maps/android/src/main/java/com/rnmapbox/rnmbx/components/styles/RNMBXStyleFactory.kt:3286:15 This API is experimental. It may be changed in the future without notice.
w: file:///home/odin/Dungeon/Personal/xc-mvp/node_modules/@rnmapbox/maps/android/src/main/java/com/rnmapbox/rnmbx/components/styles/RNMBXStyleFactory.kt:3300:15 Condition is always 'true'.
w: file:///home/odin/Dungeon/Personal/xc-mvp/node_modules/@rnmapbox/maps/android/src/main/java/com/rnmapbox/rnmbx/components/styles/RNMBXStyleFactory.kt:3322:15 Condition is always 'true'.
w: file:///home/odin/Dungeon/Personal/xc-mvp/node_modules/@rnmapbox/maps/android/src/main/java/com/rnmapbox/rnmbx/components/styles/RNMBXStyleFactory.kt:3348:15 Condition is always 'true'.
w: file:///home/odin/Dungeon/Personal/xc-mvp/node_modules/@rnmapbox/maps/android/src/main/java/com/rnmapbox/rnmbx/components/styles/RNMBXStyleFactory.kt:3374:15 Condition is always 'true'.
w: file:///home/odin/Dungeon/Personal/xc-mvp/node_modules/@rnmapbox/maps/android/src/main/java/com/rnmapbox/rnmbx/components/styles/RNMBXStyleFactory.kt:3400:15 Condition is always 'true'.
w: file:///home/odin/Dungeon/Personal/xc-mvp/node_modules/@rnmapbox/maps/android/src/main/java/com/rnmapbox/rnmbx/components/styles/RNMBXStyleFactory.kt:3426:15 Condition is always 'true'.
w: file:///home/odin/Dungeon/Personal/xc-mvp/node_modules/@rnmapbox/maps/android/src/main/java/com/rnmapbox/rnmbx/components/styles/RNMBXStyleFactory.kt:3491:15 Condition is always 'true'.
w: file:///home/odin/Dungeon/Personal/xc-mvp/node_modules/@rnmapbox/maps/android/src/main/java/com/rnmapbox/rnmbx/components/styles/RNMBXStyleFactory.kt:3517:15 Condition is always 'true'.
w: file:///home/odin/Dungeon/Personal/xc-mvp/node_modules/@rnmapbox/maps/android/src/main/java/com/rnmapbox/rnmbx/components/styles/RNMBXStyleFactory.kt:3543:15 Condition is always 'true'.
w: file:///home/odin/Dungeon/Personal/xc-mvp/node_modules/@rnmapbox/maps/android/src/main/java/com/rnmapbox/rnmbx/components/styles/RNMBXStyleFactory.kt:3563:17 This API is experimental. It may be changed in the future without notice.
w: file:///home/odin/Dungeon/Personal/xc-mvp/node_modules/@rnmapbox/maps/android/src/main/java/com/rnmapbox/rnmbx/components/styles/RNMBXStyleFactory.kt:3568:17 This API is experimental. It may be changed in the future without notice.
w: file:///home/odin/Dungeon/Personal/xc-mvp/node_modules/@rnmapbox/maps/android/src/main/java/com/rnmapbox/rnmbx/components/styles/RNMBXStyleFactory.kt:3568:42 This API is experimental. It may be changed in the future without notice.
w: file:///home/odin/Dungeon/Personal/xc-mvp/node_modules/@rnmapbox/maps/android/src/main/java/com/rnmapbox/rnmbx/components/styles/RNMBXStyleFactory.kt:3568:67 This API is experimental. It may be changed in the future without notice.
w: file:///home/odin/Dungeon/Personal/xc-mvp/node_modules/@rnmapbox/maps/android/src/main/java/com/rnmapbox/rnmbx/components/styles/RNMBXStyleFactory.kt:3582:15 Condition is always 'true'.
w: file:///home/odin/Dungeon/Personal/xc-mvp/node_modules/@rnmapbox/maps/android/src/main/java/com/rnmapbox/rnmbx/components/styles/RNMBXStyleFactory.kt:3612:15 Condition is always 'true'.
w: file:///home/odin/Dungeon/Personal/xc-mvp/node_modules/@rnmapbox/maps/android/src/main/java/com/rnmapbox/rnmbx/components/styles/RNMBXStyleFactory.kt:3638:15 Condition is always 'true'.
w: file:///home/odin/Dungeon/Personal/xc-mvp/node_modules/@rnmapbox/maps/android/src/main/java/com/rnmapbox/rnmbx/components/styles/RNMBXStyleFactory.kt:3656:15 Condition is always 'true'.
w: file:///home/odin/Dungeon/Personal/xc-mvp/node_modules/@rnmapbox/maps/android/src/main/java/com/rnmapbox/rnmbx/components/styles/RNMBXStyleFactory.kt:3695:15 Condition is always 'true'.
w: file:///home/odin/Dungeon/Personal/xc-mvp/node_modules/@rnmapbox/maps/android/src/main/java/com/rnmapbox/rnmbx/components/styles/RNMBXStyleFactory.kt:3719:17 This API is experimental. It may be changed in the future without notice.
w: file:///home/odin/Dungeon/Personal/xc-mvp/node_modules/@rnmapbox/maps/android/src/main/java/com/rnmapbox/rnmbx/components/styles/RNMBXStyleFactory.kt:3725:15 Condition is always 'true'.
w: file:///home/odin/Dungeon/Personal/xc-mvp/node_modules/@rnmapbox/maps/android/src/main/java/com/rnmapbox/rnmbx/components/styles/RNMBXStyleFactory.kt:3726:19 This API is experimental. It may be changed in the future without notice.
w: file:///home/odin/Dungeon/Personal/xc-mvp/node_modules/@rnmapbox/maps/android/src/main/java/com/rnmapbox/rnmbx/components/styles/RNMBXStyleFactory.kt:3743:15 Condition is always 'true'.
w: file:///home/odin/Dungeon/Personal/xc-mvp/node_modules/@rnmapbox/maps/android/src/main/java/com/rnmapbox/rnmbx/components/styles/RNMBXStyleFactory.kt:3769:15 Condition is always 'true'.
w: file:///home/odin/Dungeon/Personal/xc-mvp/node_modules/@rnmapbox/maps/android/src/main/java/com/rnmapbox/rnmbx/components/styles/RNMBXStyleFactory.kt:3795:15 Condition is always 'true'.
w: file:///home/odin/Dungeon/Personal/xc-mvp/node_modules/@rnmapbox/maps/android/src/main/java/com/rnmapbox/rnmbx/components/styles/RNMBXStyleFactory.kt:3861:15 Condition is always 'true'.
w: file:///home/odin/Dungeon/Personal/xc-mvp/node_modules/@rnmapbox/maps/android/src/main/java/com/rnmapbox/rnmbx/components/styles/RNMBXStyleFactory.kt:3887:15 Condition is always 'true'.
w: file:///home/odin/Dungeon/Personal/xc-mvp/node_modules/@rnmapbox/maps/android/src/main/java/com/rnmapbox/rnmbx/components/styles/RNMBXStyleFactory.kt:3913:15 Condition is always 'true'.
w: file:///home/odin/Dungeon/Personal/xc-mvp/node_modules/@rnmapbox/maps/android/src/main/java/com/rnmapbox/rnmbx/components/styles/RNMBXStyleFactory.kt:3931:15 Condition is always 'true'.
w: file:///home/odin/Dungeon/Personal/xc-mvp/node_modules/@rnmapbox/maps/android/src/main/java/com/rnmapbox/rnmbx/components/styles/RNMBXStyleFactory.kt:3957:15 Condition is always 'true'.
w: file:///home/odin/Dungeon/Personal/xc-mvp/node_modules/@rnmapbox/maps/android/src/main/java/com/rnmapbox/rnmbx/components/styles/RNMBXStyleFactory.kt:3977:17 This API is experimental. It may be changed in the future without notice.
w: file:///home/odin/Dungeon/Personal/xc-mvp/node_modules/@rnmapbox/maps/android/src/main/java/com/rnmapbox/rnmbx/components/styles/RNMBXStyleFactory.kt:3983:15 Condition is always 'true'.
w: file:///home/odin/Dungeon/Personal/xc-mvp/node_modules/@rnmapbox/maps/android/src/main/java/com/rnmapbox/rnmbx/components/styles/RNMBXStyleFactory.kt:3984:19 This API is experimental. It may be changed in the future without notice.
w: file:///home/odin/Dungeon/Personal/xc-mvp/node_modules/@rnmapbox/maps/android/src/main/java/com/rnmapbox/rnmbx/components/styles/RNMBXStyleFactory.kt:4001:15 Condition is always 'true'.
w: file:///home/odin/Dungeon/Personal/xc-mvp/node_modules/@rnmapbox/maps/android/src/main/java/com/rnmapbox/rnmbx/components/styles/RNMBXStyleFactory.kt:4013:17 This API is experimental. It may be changed in the future without notice.
w: file:///home/odin/Dungeon/Personal/xc-mvp/node_modules/@rnmapbox/maps/android/src/main/java/com/rnmapbox/rnmbx/components/styles/RNMBXStyleFactory.kt:4018:17 This API is experimental. It may be changed in the future without notice.
w: file:///home/odin/Dungeon/Personal/xc-mvp/node_modules/@rnmapbox/maps/android/src/main/java/com/rnmapbox/rnmbx/components/styles/RNMBXStyleFactory.kt:4018:46 This API is experimental. It may be changed in the future without notice.
w: file:///home/odin/Dungeon/Personal/xc-mvp/node_modules/@rnmapbox/maps/android/src/main/java/com/rnmapbox/rnmbx/components/styles/RNMBXStyleFactory.kt:4018:75 This API is experimental. It may be changed in the future without notice.
w: file:///home/odin/Dungeon/Personal/xc-mvp/node_modules/@rnmapbox/maps/android/src/main/java/com/rnmapbox/rnmbx/components/styles/RNMBXStyleFactory.kt:4026:17 This API is experimental. It may be changed in the future without notice.
w: file:///home/odin/Dungeon/Personal/xc-mvp/node_modules/@rnmapbox/maps/android/src/main/java/com/rnmapbox/rnmbx/components/styles/RNMBXStyleFactory.kt:4031:17 This API is experimental. It may be changed in the future without notice.
w: file:///home/odin/Dungeon/Personal/xc-mvp/node_modules/@rnmapbox/maps/android/src/main/java/com/rnmapbox/rnmbx/components/styles/RNMBXStyleFactory.kt:4031:44 This API is experimental. It may be changed in the future without notice.
w: file:///home/odin/Dungeon/Personal/xc-mvp/node_modules/@rnmapbox/maps/android/src/main/java/com/rnmapbox/rnmbx/components/styles/RNMBXStyleFactory.kt:4031:71 This API is experimental. It may be changed in the future without notice.
w: file:///home/odin/Dungeon/Personal/xc-mvp/node_modules/@rnmapbox/maps/android/src/main/java/com/rnmapbox/rnmbx/components/styles/RNMBXStyleFactory.kt:4039:17 This API is experimental. It may be changed in the future without notice.
w: file:///home/odin/Dungeon/Personal/xc-mvp/node_modules/@rnmapbox/maps/android/src/main/java/com/rnmapbox/rnmbx/components/styles/RNMBXStyleFactory.kt:4045:15 Condition is always 'true'.
w: file:///home/odin/Dungeon/Personal/xc-mvp/node_modules/@rnmapbox/maps/android/src/main/java/com/rnmapbox/rnmbx/components/styles/RNMBXStyleFactory.kt:4046:19 This API is experimental. It may be changed in the future without notice.
w: file:///home/odin/Dungeon/Personal/xc-mvp/node_modules/@rnmapbox/maps/android/src/main/java/com/rnmapbox/rnmbx/components/styles/RNMBXStyleFactory.kt:4057:15 This API is experimental. It may be changed in the future without notice.
w: file:///home/odin/Dungeon/Personal/xc-mvp/node_modules/@rnmapbox/maps/android/src/main/java/com/rnmapbox/rnmbx/components/styles/RNMBXStyleFactory.kt:4065:17 This API is experimental. It may be changed in the future without notice.
w: file:///home/odin/Dungeon/Personal/xc-mvp/node_modules/@rnmapbox/maps/android/src/main/java/com/rnmapbox/rnmbx/components/styles/RNMBXStyleFactory.kt:4071:15 Condition is always 'true'.
w: file:///home/odin/Dungeon/Personal/xc-mvp/node_modules/@rnmapbox/maps/android/src/main/java/com/rnmapbox/rnmbx/components/styles/RNMBXStyleFactory.kt:4072:19 This API is experimental. It may be changed in the future without notice.
w: file:///home/odin/Dungeon/Personal/xc-mvp/node_modules/@rnmapbox/maps/android/src/main/java/com/rnmapbox/rnmbx/components/styles/RNMBXStyleFactory.kt:4083:15 This API is experimental. It may be changed in the future without notice.
w: file:///home/odin/Dungeon/Personal/xc-mvp/node_modules/@rnmapbox/maps/android/src/main/java/com/rnmapbox/rnmbx/components/styles/RNMBXStyleFactory.kt:4091:17 This API is experimental. It may be changed in the future without notice.
w: file:///home/odin/Dungeon/Personal/xc-mvp/node_modules/@rnmapbox/maps/android/src/main/java/com/rnmapbox/rnmbx/components/styles/RNMBXStyleFactory.kt:4097:15 Condition is always 'true'.
w: file:///home/odin/Dungeon/Personal/xc-mvp/node_modules/@rnmapbox/maps/android/src/main/java/com/rnmapbox/rnmbx/components/styles/RNMBXStyleFactory.kt:4098:19 This API is experimental. It may be changed in the future without notice.
w: file:///home/odin/Dungeon/Personal/xc-mvp/node_modules/@rnmapbox/maps/android/src/main/java/com/rnmapbox/rnmbx/components/styles/RNMBXStyleFactory.kt:4109:15 This API is experimental. It may be changed in the future without notice.
w: file:///home/odin/Dungeon/Personal/xc-mvp/node_modules/@rnmapbox/maps/android/src/main/java/com/rnmapbox/rnmbx/components/styles/RNMBXStyleFactory.kt:4117:17 This API is experimental. It may be changed in the future without notice.
w: file:///home/odin/Dungeon/Personal/xc-mvp/node_modules/@rnmapbox/maps/android/src/main/java/com/rnmapbox/rnmbx/components/styles/RNMBXStyleFactory.kt:4123:15 Condition is always 'true'.
w: file:///home/odin/Dungeon/Personal/xc-mvp/node_modules/@rnmapbox/maps/android/src/main/java/com/rnmapbox/rnmbx/components/styles/RNMBXStyleFactory.kt:4124:19 This API is experimental. It may be changed in the future without notice.
w: file:///home/odin/Dungeon/Personal/xc-mvp/node_modules/@rnmapbox/maps/android/src/main/java/com/rnmapbox/rnmbx/components/styles/RNMBXStyleFactory.kt:4135:15 This API is experimental. It may be changed in the future without notice.
w: file:///home/odin/Dungeon/Personal/xc-mvp/node_modules/@rnmapbox/maps/android/src/main/java/com/rnmapbox/rnmbx/components/styles/RNMBXStyleFactory.kt:4143:17 This API is experimental. It may be changed in the future without notice.
w: file:///home/odin/Dungeon/Personal/xc-mvp/node_modules/@rnmapbox/maps/android/src/main/java/com/rnmapbox/rnmbx/components/styles/RNMBXStyleFactory.kt:4149:15 Condition is always 'true'.
w: file:///home/odin/Dungeon/Personal/xc-mvp/node_modules/@rnmapbox/maps/android/src/main/java/com/rnmapbox/rnmbx/components/styles/RNMBXStyleFactory.kt:4150:19 This API is experimental. It may be changed in the future without notice.
w: file:///home/odin/Dungeon/Personal/xc-mvp/node_modules/@rnmapbox/maps/android/src/main/java/com/rnmapbox/rnmbx/components/styles/RNMBXStyleFactory.kt:4161:15 This API is experimental. It may be changed in the future without notice.
w: file:///home/odin/Dungeon/Personal/xc-mvp/node_modules/@rnmapbox/maps/android/src/main/java/com/rnmapbox/rnmbx/components/styles/RNMBXStyleFactory.kt:4169:17 This API is experimental. It may be changed in the future without notice.
w: file:///home/odin/Dungeon/Personal/xc-mvp/node_modules/@rnmapbox/maps/android/src/main/java/com/rnmapbox/rnmbx/components/styles/RNMBXStyleFactory.kt:4175:15 Condition is always 'true'.
w: file:///home/odin/Dungeon/Personal/xc-mvp/node_modules/@rnmapbox/maps/android/src/main/java/com/rnmapbox/rnmbx/components/styles/RNMBXStyleFactory.kt:4176:19 This API is experimental. It may be changed in the future without notice.
w: file:///home/odin/Dungeon/Personal/xc-mvp/node_modules/@rnmapbox/maps/android/src/main/java/com/rnmapbox/rnmbx/components/styles/RNMBXStyleFactory.kt:4187:15 This API is experimental. It may be changed in the future without notice.
w: file:///home/odin/Dungeon/Personal/xc-mvp/node_modules/@rnmapbox/maps/android/src/main/java/com/rnmapbox/rnmbx/components/styles/RNMBXStyleFactory.kt:4195:17 This API is experimental. It may be changed in the future without notice.
w: file:///home/odin/Dungeon/Personal/xc-mvp/node_modules/@rnmapbox/maps/android/src/main/java/com/rnmapbox/rnmbx/components/styles/RNMBXStyleFactory.kt:4201:15 Condition is always 'true'.
w: file:///home/odin/Dungeon/Personal/xc-mvp/node_modules/@rnmapbox/maps/android/src/main/java/com/rnmapbox/rnmbx/components/styles/RNMBXStyleFactory.kt:4202:19 This API is experimental. It may be changed in the future without notice.
w: file:///home/odin/Dungeon/Personal/xc-mvp/node_modules/@rnmapbox/maps/android/src/main/java/com/rnmapbox/rnmbx/components/styles/RNMBXStyleFactory.kt:4213:15 This API is experimental. It may be changed in the future without notice.
w: file:///home/odin/Dungeon/Personal/xc-mvp/node_modules/@rnmapbox/maps/android/src/main/java/com/rnmapbox/rnmbx/components/styles/RNMBXStyleFactory.kt:4221:17 This API is experimental. It may be changed in the future without notice.
w: file:///home/odin/Dungeon/Personal/xc-mvp/node_modules/@rnmapbox/maps/android/src/main/java/com/rnmapbox/rnmbx/components/styles/RNMBXStyleFactory.kt:4227:15 Condition is always 'true'.
w: file:///home/odin/Dungeon/Personal/xc-mvp/node_modules/@rnmapbox/maps/android/src/main/java/com/rnmapbox/rnmbx/components/styles/RNMBXStyleFactory.kt:4228:19 This API is experimental. It may be changed in the future without notice.
w: file:///home/odin/Dungeon/Personal/xc-mvp/node_modules/@rnmapbox/maps/android/src/main/java/com/rnmapbox/rnmbx/components/styles/RNMBXStyleFactory.kt:4239:15 This API is experimental. It may be changed in the future without notice.
w: file:///home/odin/Dungeon/Personal/xc-mvp/node_modules/@rnmapbox/maps/android/src/main/java/com/rnmapbox/rnmbx/components/styles/RNMBXStyleFactory.kt:4247:17 This API is experimental. It may be changed in the future without notice.
w: file:///home/odin/Dungeon/Personal/xc-mvp/node_modules/@rnmapbox/maps/android/src/main/java/com/rnmapbox/rnmbx/components/styles/RNMBXStyleFactory.kt:4253:15 Condition is always 'true'.
w: file:///home/odin/Dungeon/Personal/xc-mvp/node_modules/@rnmapbox/maps/android/src/main/java/com/rnmapbox/rnmbx/components/styles/RNMBXStyleFactory.kt:4254:19 This API is experimental. It may be changed in the future without notice.
w: file:///home/odin/Dungeon/Personal/xc-mvp/node_modules/@rnmapbox/maps/android/src/main/java/com/rnmapbox/rnmbx/components/styles/RNMBXStyleFactory.kt:4265:15 This API is experimental. It may be changed in the future without notice.
w: file:///home/odin/Dungeon/Personal/xc-mvp/node_modules/@rnmapbox/maps/android/src/main/java/com/rnmapbox/rnmbx/components/styles/RNMBXStyleFactory.kt:4279:15 Condition is always 'true'.
w: file:///home/odin/Dungeon/Personal/xc-mvp/node_modules/@rnmapbox/maps/android/src/main/java/com/rnmapbox/rnmbx/components/styles/RNMBXStyleFactory.kt:4297:15 Condition is always 'true'.
w: file:///home/odin/Dungeon/Personal/xc-mvp/node_modules/@rnmapbox/maps/android/src/main/java/com/rnmapbox/rnmbx/components/styles/RNMBXStyleFactory.kt:4317:17 This API is experimental. It may be changed in the future without notice.
w: file:///home/odin/Dungeon/Personal/xc-mvp/node_modules/@rnmapbox/maps/android/src/main/java/com/rnmapbox/rnmbx/components/styles/RNMBXStyleFactory.kt:4323:15 Condition is always 'true'.
w: file:///home/odin/Dungeon/Personal/xc-mvp/node_modules/@rnmapbox/maps/android/src/main/java/com/rnmapbox/rnmbx/components/styles/RNMBXStyleFactory.kt:4324:19 This API is experimental. It may be changed in the future without notice.
w: file:///home/odin/Dungeon/Personal/xc-mvp/node_modules/@rnmapbox/maps/android/src/main/java/com/rnmapbox/rnmbx/components/styles/RNMBXStyleFactory.kt:4335:15 This API is experimental. It may be changed in the future without notice.
w: file:///home/odin/Dungeon/Personal/xc-mvp/node_modules/@rnmapbox/maps/android/src/main/java/com/rnmapbox/rnmbx/components/styles/RNMBXStyleFactory.kt:4349:15 Condition is always 'true'.
w: file:///home/odin/Dungeon/Personal/xc-mvp/node_modules/@rnmapbox/maps/android/src/main/java/com/rnmapbox/rnmbx/components/styles/RNMBXStyleFactory.kt:4371:15 Condition is always 'true'.
w: file:///home/odin/Dungeon/Personal/xc-mvp/node_modules/@rnmapbox/maps/android/src/main/java/com/rnmapbox/rnmbx/components/styles/RNMBXStyleFactory.kt:4397:15 Condition is always 'true'.
w: file:///home/odin/Dungeon/Personal/xc-mvp/node_modules/@rnmapbox/maps/android/src/main/java/com/rnmapbox/rnmbx/components/styles/RNMBXStyleFactory.kt:4423:15 Condition is always 'true'.
w: file:///home/odin/Dungeon/Personal/xc-mvp/node_modules/@rnmapbox/maps/android/src/main/java/com/rnmapbox/rnmbx/components/styles/RNMBXStyleFactory.kt:4449:15 Condition is always 'true'.
w: file:///home/odin/Dungeon/Personal/xc-mvp/node_modules/@rnmapbox/maps/android/src/main/java/com/rnmapbox/rnmbx/components/styles/RNMBXStyleFactory.kt:4475:15 Condition is always 'true'.
w: file:///home/odin/Dungeon/Personal/xc-mvp/node_modules/@rnmapbox/maps/android/src/main/java/com/rnmapbox/rnmbx/components/styles/RNMBXStyleFactory.kt:4501:15 Condition is always 'true'.
w: file:///home/odin/Dungeon/Personal/xc-mvp/node_modules/@rnmapbox/maps/android/src/main/java/com/rnmapbox/rnmbx/components/styles/RNMBXStyleFactory.kt:4540:15 Condition is always 'true'.
w: file:///home/odin/Dungeon/Personal/xc-mvp/node_modules/@rnmapbox/maps/android/src/main/java/com/rnmapbox/rnmbx/components/styles/RNMBXStyleFactory.kt:4558:15 Condition is always 'true'.
w: file:///home/odin/Dungeon/Personal/xc-mvp/node_modules/@rnmapbox/maps/android/src/main/java/com/rnmapbox/rnmbx/components/styles/RNMBXStyleFactory.kt:4576:15 Condition is always 'true'.
w: file:///home/odin/Dungeon/Personal/xc-mvp/node_modules/@rnmapbox/maps/android/src/main/java/com/rnmapbox/rnmbx/components/styles/RNMBXStyleFactory.kt:4602:15 Condition is always 'true'.
w: file:///home/odin/Dungeon/Personal/xc-mvp/node_modules/@rnmapbox/maps/android/src/main/java/com/rnmapbox/rnmbx/components/styles/RNMBXStyleFactory.kt:4628:15 Condition is always 'true'.
w: file:///home/odin/Dungeon/Personal/xc-mvp/node_modules/@rnmapbox/maps/android/src/main/java/com/rnmapbox/rnmbx/components/styles/RNMBXStyleFactory.kt:4648:17 This API is experimental. It may be changed in the future without notice.
w: file:///home/odin/Dungeon/Personal/xc-mvp/node_modules/@rnmapbox/maps/android/src/main/java/com/rnmapbox/rnmbx/components/styles/RNMBXStyleFactory.kt:4655:19 This API is experimental. It may be changed in the future without notice.
w: file:///home/odin/Dungeon/Personal/xc-mvp/node_modules/@rnmapbox/maps/android/src/main/java/com/rnmapbox/rnmbx/components/styles/RNMBXStyleFactory.kt:4666:17 This API is experimental. It may be changed in the future without notice.
w: file:///home/odin/Dungeon/Personal/xc-mvp/node_modules/@rnmapbox/maps/android/src/main/java/com/rnmapbox/rnmbx/components/styles/RNMBXStyleFactory.kt:4672:15 Condition is always 'true'.
w: file:///home/odin/Dungeon/Personal/xc-mvp/node_modules/@rnmapbox/maps/android/src/main/java/com/rnmapbox/rnmbx/components/styles/RNMBXStyleFactory.kt:4673:19 This API is experimental. It may be changed in the future without notice.
w: file:///home/odin/Dungeon/Personal/xc-mvp/node_modules/@rnmapbox/maps/android/src/main/java/com/rnmapbox/rnmbx/components/styles/RNMBXStyleFactory.kt:4684:15 This API is experimental. It may be changed in the future without notice.
w: file:///home/odin/Dungeon/Personal/xc-mvp/node_modules/@rnmapbox/maps/android/src/main/java/com/rnmapbox/rnmbx/components/styles/RNMBXStyleFactory.kt:4688:30 This API is experimental. It may be changed in the future without notice.
w: file:///home/odin/Dungeon/Personal/xc-mvp/node_modules/@rnmapbox/maps/android/src/main/java/com/rnmapbox/rnmbx/components/styles/RNMBXStyleFactory.kt:4689:9 This API is experimental. It may be changed in the future without notice.
w: file:///home/odin/Dungeon/Personal/xc-mvp/node_modules/@rnmapbox/maps/android/src/main/java/com/rnmapbox/rnmbx/components/styles/RNMBXStyleFactory.kt:4689:15 This API is experimental. It may be changed in the future without notice.
w: file:///home/odin/Dungeon/Personal/xc-mvp/node_modules/@rnmapbox/maps/android/src/main/java/com/rnmapbox/rnmbx/components/styles/RNMBXStyleFactory.kt:4692:43 This API is experimental. It may be changed in the future without notice.
w: file:///home/odin/Dungeon/Personal/xc-mvp/node_modules/@rnmapbox/maps/android/src/main/java/com/rnmapbox/rnmbx/components/styles/RNMBXStyleFactory.kt:4696:11 This API is experimental. It may be changed in the future without notice.
w: file:///home/odin/Dungeon/Personal/xc-mvp/node_modules/@rnmapbox/maps/android/src/main/java/com/rnmapbox/rnmbx/components/styles/RNMBXStyleFactory.kt:4696:17 This API is experimental. It may be changed in the future without notice.
w: file:///home/odin/Dungeon/Personal/xc-mvp/node_modules/@rnmapbox/maps/android/src/main/java/com/rnmapbox/rnmbx/components/styles/RNMBXStyleFactory.kt:4703:13 This API is experimental. It may be changed in the future without notice.
w: file:///home/odin/Dungeon/Personal/xc-mvp/node_modules/@rnmapbox/maps/android/src/main/java/com/rnmapbox/rnmbx/components/styles/RNMBXStyleFactory.kt:4703:19 This API is experimental. It may be changed in the future without notice.
w: file:///home/odin/Dungeon/Personal/xc-mvp/node_modules/@rnmapbox/maps/android/src/main/java/com/rnmapbox/rnmbx/components/styles/RNMBXStyleFactory.kt:4710:39 This API is experimental. It may be changed in the future without notice.
w: file:///home/odin/Dungeon/Personal/xc-mvp/node_modules/@rnmapbox/maps/android/src/main/java/com/rnmapbox/rnmbx/components/styles/RNMBXStyleFactory.kt:4714:11 This API is experimental. It may be changed in the future without notice.
w: file:///home/odin/Dungeon/Personal/xc-mvp/node_modules/@rnmapbox/maps/android/src/main/java/com/rnmapbox/rnmbx/components/styles/RNMBXStyleFactory.kt:4714:17 This API is experimental. It may be changed in the future without notice.
w: file:///home/odin/Dungeon/Personal/xc-mvp/node_modules/@rnmapbox/maps/android/src/main/java/com/rnmapbox/rnmbx/components/styles/RNMBXStyleFactory.kt:4720:15 Condition is always 'true'.
w: file:///home/odin/Dungeon/Personal/xc-mvp/node_modules/@rnmapbox/maps/android/src/main/java/com/rnmapbox/rnmbx/components/styles/RNMBXStyleFactory.kt:4721:13 This API is experimental. It may be changed in the future without notice.
w: file:///home/odin/Dungeon/Personal/xc-mvp/node_modules/@rnmapbox/maps/android/src/main/java/com/rnmapbox/rnmbx/components/styles/RNMBXStyleFactory.kt:4721:19 This API is experimental. It may be changed in the future without notice.
w: file:///home/odin/Dungeon/Personal/xc-mvp/node_modules/@rnmapbox/maps/android/src/main/java/com/rnmapbox/rnmbx/components/styles/RNMBXStyleFactory.kt:4728:39 This API is experimental. It may be changed in the future without notice.
w: file:///home/odin/Dungeon/Personal/xc-mvp/node_modules/@rnmapbox/maps/android/src/main/java/com/rnmapbox/rnmbx/components/styles/RNMBXStyleFactory.kt:4732:11 This API is experimental. It may be changed in the future without notice.
w: file:///home/odin/Dungeon/Personal/xc-mvp/node_modules/@rnmapbox/maps/android/src/main/java/com/rnmapbox/rnmbx/components/styles/RNMBXStyleFactory.kt:4732:17 This API is experimental. It may be changed in the future without notice.
w: file:///home/odin/Dungeon/Personal/xc-mvp/node_modules/@rnmapbox/maps/android/src/main/java/com/rnmapbox/rnmbx/components/styles/RNMBXStyleFactory.kt:4737:11 This API is experimental. It may be changed in the future without notice.
w: file:///home/odin/Dungeon/Personal/xc-mvp/node_modules/@rnmapbox/maps/android/src/main/java/com/rnmapbox/rnmbx/components/styles/RNMBXStyleFactory.kt:4737:17 This API is experimental. It may be changed in the future without notice.
w: file:///home/odin/Dungeon/Personal/xc-mvp/node_modules/@rnmapbox/maps/android/src/main/java/com/rnmapbox/rnmbx/components/styles/RNMBXStyleFactory.kt:4741:42 This API is experimental. It may be changed in the future without notice.
w: file:///home/odin/Dungeon/Personal/xc-mvp/node_modules/@rnmapbox/maps/android/src/main/java/com/rnmapbox/rnmbx/components/styles/RNMBXStyleFactory.kt:4745:11 This API is experimental. It may be changed in the future without notice.
w: file:///home/odin/Dungeon/Personal/xc-mvp/node_modules/@rnmapbox/maps/android/src/main/java/com/rnmapbox/rnmbx/components/styles/RNMBXStyleFactory.kt:4745:17 This API is experimental. It may be changed in the future without notice.
w: file:///home/odin/Dungeon/Personal/xc-mvp/node_modules/@rnmapbox/maps/android/src/main/java/com/rnmapbox/rnmbx/components/styles/RNMBXStyleFactory.kt:4751:15 Condition is always 'true'.
w: file:///home/odin/Dungeon/Personal/xc-mvp/node_modules/@rnmapbox/maps/android/src/main/java/com/rnmapbox/rnmbx/components/styles/RNMBXStyleFactory.kt:4752:13 This API is experimental. It may be changed in the future without notice.
w: file:///home/odin/Dungeon/Personal/xc-mvp/node_modules/@rnmapbox/maps/android/src/main/java/com/rnmapbox/rnmbx/components/styles/RNMBXStyleFactory.kt:4752:19 This API is experimental. It may be changed in the future without notice.
w: file:///home/odin/Dungeon/Personal/xc-mvp/node_modules/@rnmapbox/maps/android/src/main/java/com/rnmapbox/rnmbx/components/styles/RNMBXStyleFactory.kt:4759:45 This API is experimental. It may be changed in the future without notice.
w: file:///home/odin/Dungeon/Personal/xc-mvp/node_modules/@rnmapbox/maps/android/src/main/java/com/rnmapbox/rnmbx/components/styles/RNMBXStyleFactory.kt:4763:11 This API is experimental. It may be changed in the future without notice.
w: file:///home/odin/Dungeon/Personal/xc-mvp/node_modules/@rnmapbox/maps/android/src/main/java/com/rnmapbox/rnmbx/components/styles/RNMBXStyleFactory.kt:4763:17 This API is experimental. It may be changed in the future without notice.
w: file:///home/odin/Dungeon/Personal/xc-mvp/node_modules/@rnmapbox/maps/android/src/main/java/com/rnmapbox/rnmbx/components/styles/RNMBXStyleFactory.kt:4769:15 Condition is always 'true'.
w: file:///home/odin/Dungeon/Personal/xc-mvp/node_modules/@rnmapbox/maps/android/src/main/java/com/rnmapbox/rnmbx/components/styles/RNMBXStyleFactory.kt:4770:13 This API is experimental. It may be changed in the future without notice.
w: file:///home/odin/Dungeon/Personal/xc-mvp/node_modules/@rnmapbox/maps/android/src/main/java/com/rnmapbox/rnmbx/components/styles/RNMBXStyleFactory.kt:4770:19 This API is experimental. It may be changed in the future without notice.
w: file:///home/odin/Dungeon/Personal/xc-mvp/node_modules/@rnmapbox/maps/android/src/main/java/com/rnmapbox/rnmbx/components/styles/RNMBXStyleFactory.kt:4778:55 This API is experimental. It may be changed in the future without notice.
w: file:///home/odin/Dungeon/Personal/xc-mvp/node_modules/@rnmapbox/maps/android/src/main/java/com/rnmapbox/rnmbx/components/styles/RNMBXStyleFactory.kt:4781:9 This API is experimental. It may be changed in the future without notice.
w: file:///home/odin/Dungeon/Personal/xc-mvp/node_modules/@rnmapbox/maps/android/src/main/java/com/rnmapbox/rnmbx/components/styles/RNMBXStyleFactory.kt:4781:15 This API is experimental. It may be changed in the future without notice.
w: file:///home/odin/Dungeon/Personal/xc-mvp/node_modules/@rnmapbox/maps/android/src/main/java/com/rnmapbox/rnmbx/components/styles/RNMBXStyleFactory.kt:4785:51 This API is experimental. It may be changed in the future without notice.
w: file:///home/odin/Dungeon/Personal/xc-mvp/node_modules/@rnmapbox/maps/android/src/main/java/com/rnmapbox/rnmbx/components/styles/RNMBXStyleFactory.kt:4789:11 This API is experimental. It may be changed in the future without notice.
w: file:///home/odin/Dungeon/Personal/xc-mvp/node_modules/@rnmapbox/maps/android/src/main/java/com/rnmapbox/rnmbx/components/styles/RNMBXStyleFactory.kt:4789:17 This API is experimental. It may be changed in the future without notice.
w: file:///home/odin/Dungeon/Personal/xc-mvp/node_modules/@rnmapbox/maps/android/src/main/java/com/rnmapbox/rnmbx/components/styles/RNMBXStyleFactory.kt:4795:15 Condition is always 'true'.
w: file:///home/odin/Dungeon/Personal/xc-mvp/node_modules/@rnmapbox/maps/android/src/main/java/com/rnmapbox/rnmbx/components/styles/RNMBXStyleFactory.kt:4796:13 This API is experimental. It may be changed in the future without notice.
w: file:///home/odin/Dungeon/Personal/xc-mvp/node_modules/@rnmapbox/maps/android/src/main/java/com/rnmapbox/rnmbx/components/styles/RNMBXStyleFactory.kt:4796:19 This API is experimental. It may be changed in the future without notice.
w: file:///home/odin/Dungeon/Personal/xc-mvp/node_modules/@rnmapbox/maps/android/src/main/java/com/rnmapbox/rnmbx/components/styles/RNMBXStyleFactory.kt:4804:61 This API is experimental. It may be changed in the future without notice.
w: file:///home/odin/Dungeon/Personal/xc-mvp/node_modules/@rnmapbox/maps/android/src/main/java/com/rnmapbox/rnmbx/components/styles/RNMBXStyleFactory.kt:4807:9 This API is experimental. It may be changed in the future without notice.
w: file:///home/odin/Dungeon/Personal/xc-mvp/node_modules/@rnmapbox/maps/android/src/main/java/com/rnmapbox/rnmbx/components/styles/RNMBXStyleFactory.kt:4807:15 This API is experimental. It may be changed in the future without notice.
w: file:///home/odin/Dungeon/Personal/xc-mvp/node_modules/@rnmapbox/maps/android/src/main/java/com/rnmapbox/rnmbx/components/styles/RNMBXStyleFactory.kt:4811:49 This API is experimental. It may be changed in the future without notice.
w: file:///home/odin/Dungeon/Personal/xc-mvp/node_modules/@rnmapbox/maps/android/src/main/java/com/rnmapbox/rnmbx/components/styles/RNMBXStyleFactory.kt:4815:11 This API is experimental. It may be changed in the future without notice.
w: file:///home/odin/Dungeon/Personal/xc-mvp/node_modules/@rnmapbox/maps/android/src/main/java/com/rnmapbox/rnmbx/components/styles/RNMBXStyleFactory.kt:4815:17 This API is experimental. It may be changed in the future without notice.
w: file:///home/odin/Dungeon/Personal/xc-mvp/node_modules/@rnmapbox/maps/android/src/main/java/com/rnmapbox/rnmbx/components/styles/RNMBXStyleFactory.kt:4821:15 Condition is always 'true'.
w: file:///home/odin/Dungeon/Personal/xc-mvp/node_modules/@rnmapbox/maps/android/src/main/java/com/rnmapbox/rnmbx/components/styles/RNMBXStyleFactory.kt:4822:13 This API is experimental. It may be changed in the future without notice.
w: file:///home/odin/Dungeon/Personal/xc-mvp/node_modules/@rnmapbox/maps/android/src/main/java/com/rnmapbox/rnmbx/components/styles/RNMBXStyleFactory.kt:4822:19 This API is experimental. It may be changed in the future without notice.
w: file:///home/odin/Dungeon/Personal/xc-mvp/node_modules/@rnmapbox/maps/android/src/main/java/com/rnmapbox/rnmbx/components/styles/RNMBXStyleFactory.kt:4843:15 Condition is always 'true'.
w: file:///home/odin/Dungeon/Personal/xc-mvp/node_modules/@rnmapbox/maps/android/src/main/java/com/rnmapbox/rnmbx/components/styles/RNMBXStyleFactory.kt:4874:15 Condition is always 'true'.
w: file:///home/odin/Dungeon/Personal/xc-mvp/node_modules/@rnmapbox/maps/android/src/main/java/com/rnmapbox/rnmbx/components/styles/RNMBXStyleFactory.kt:4900:15 Condition is always 'true'.
w: file:///home/odin/Dungeon/Personal/xc-mvp/node_modules/@rnmapbox/maps/android/src/main/java/com/rnmapbox/rnmbx/components/styles/RNMBXStyleFactory.kt:4926:15 Condition is always 'true'.
w: file:///home/odin/Dungeon/Personal/xc-mvp/node_modules/@rnmapbox/maps/android/src/main/java/com/rnmapbox/rnmbx/components/styles/RNMBXStyleFactory.kt:4952:15 Condition is always 'true'.
w: file:///home/odin/Dungeon/Personal/xc-mvp/node_modules/@rnmapbox/maps/android/src/main/java/com/rnmapbox/rnmbx/components/styles/RNMBXStyleFactory.kt:4978:15 Condition is always 'true'.
w: file:///home/odin/Dungeon/Personal/xc-mvp/node_modules/@rnmapbox/maps/android/src/main/java/com/rnmapbox/rnmbx/components/styles/RNMBXStyleFactory.kt:4998:17 This API is experimental. It may be changed in the future without notice.
w: file:///home/odin/Dungeon/Personal/xc-mvp/node_modules/@rnmapbox/maps/android/src/main/java/com/rnmapbox/rnmbx/components/styles/RNMBXStyleFactory.kt:5004:15 Condition is always 'true'.
w: file:///home/odin/Dungeon/Personal/xc-mvp/node_modules/@rnmapbox/maps/android/src/main/java/com/rnmapbox/rnmbx/components/styles/RNMBXStyleFactory.kt:5005:19 This API is experimental. It may be changed in the future without notice.
w: file:///home/odin/Dungeon/Personal/xc-mvp/node_modules/@rnmapbox/maps/android/src/main/java/com/rnmapbox/rnmbx/components/styles/RNMBXStyleFactory.kt:5044:15 Condition is always 'true'.
w: file:///home/odin/Dungeon/Personal/xc-mvp/node_modules/@rnmapbox/maps/android/src/main/java/com/rnmapbox/rnmbx/components/styles/RNMBXStyleFactory.kt:5070:15 Condition is always 'true'.
w: file:///home/odin/Dungeon/Personal/xc-mvp/node_modules/@rnmapbox/maps/android/src/main/java/com/rnmapbox/rnmbx/components/styles/RNMBXStyleFactory.kt:5096:15 Condition is always 'true'.
w: file:///home/odin/Dungeon/Personal/xc-mvp/node_modules/@rnmapbox/maps/android/src/main/java/com/rnmapbox/rnmbx/components/styles/RNMBXStyleFactory.kt:5122:15 Condition is always 'true'.
w: file:///home/odin/Dungeon/Personal/xc-mvp/node_modules/@rnmapbox/maps/android/src/main/java/com/rnmapbox/rnmbx/components/styles/RNMBXStyleFactory.kt:5148:15 Condition is always 'true'.
w: file:///home/odin/Dungeon/Personal/xc-mvp/node_modules/@rnmapbox/maps/android/src/main/java/com/rnmapbox/rnmbx/components/styles/RNMBXStyleFactory.kt:5174:15 Condition is always 'true'.
w: file:///home/odin/Dungeon/Personal/xc-mvp/node_modules/@rnmapbox/maps/android/src/main/java/com/rnmapbox/rnmbx/components/styles/RNMBXStyleFactory.kt:5213:15 Condition is always 'true'.
w: file:///home/odin/Dungeon/Personal/xc-mvp/node_modules/@rnmapbox/maps/android/src/main/java/com/rnmapbox/rnmbx/components/styles/RNMBXStyleFactory.kt:5231:15 Condition is always 'true'.
w: file:///home/odin/Dungeon/Personal/xc-mvp/node_modules/@rnmapbox/maps/android/src/main/java/com/rnmapbox/rnmbx/components/styles/RNMBXStyleFactory.kt:5249:15 Condition is always 'true'.
w: file:///home/odin/Dungeon/Personal/xc-mvp/node_modules/@rnmapbox/maps/android/src/main/java/com/rnmapbox/rnmbx/components/styles/RNMBXStyleFactory.kt:5275:15 Condition is always 'true'.
w: file:///home/odin/Dungeon/Personal/xc-mvp/node_modules/@rnmapbox/maps/android/src/main/java/com/rnmapbox/rnmbx/components/styles/RNMBXStyleFactory.kt:5301:15 Condition is always 'true'.
w: file:///home/odin/Dungeon/Personal/xc-mvp/node_modules/@rnmapbox/maps/android/src/main/java/com/rnmapbox/rnmbx/components/styles/RNMBXStyleFactory.kt:5327:15 Condition is always 'true'.
w: file:///home/odin/Dungeon/Personal/xc-mvp/node_modules/@rnmapbox/maps/android/src/main/java/com/rnmapbox/rnmbx/components/styles/RNMBXStyleFactory.kt:5353:15 Condition is always 'true'.
w: file:///home/odin/Dungeon/Personal/xc-mvp/node_modules/@rnmapbox/maps/android/src/main/java/com/rnmapbox/rnmbx/components/styles/RNMBXStyleFactory.kt:5388:15 Condition is always 'true'.
w: file:///home/odin/Dungeon/Personal/xc-mvp/node_modules/@rnmapbox/maps/android/src/main/java/com/rnmapbox/rnmbx/components/styles/RNMBXStyleFactory.kt:5441:15 Condition is always 'true'.
w: file:///home/odin/Dungeon/Personal/xc-mvp/node_modules/@rnmapbox/maps/android/src/main/java/com/rnmapbox/rnmbx/components/styles/RNMBXStyleFactory.kt:5461:17 This API is experimental. It may be changed in the future without notice.
w: file:///home/odin/Dungeon/Personal/xc-mvp/node_modules/@rnmapbox/maps/android/src/main/java/com/rnmapbox/rnmbx/components/styles/RNMBXStyleFactory.kt:5466:17 This API is experimental. It may be changed in the future without notice.
w: file:///home/odin/Dungeon/Personal/xc-mvp/node_modules/@rnmapbox/maps/android/src/main/java/com/rnmapbox/rnmbx/components/styles/RNMBXStyleFactory.kt:5466:42 This API is experimental. It may be changed in the future without notice.
w: file:///home/odin/Dungeon/Personal/xc-mvp/node_modules/@rnmapbox/maps/android/src/main/java/com/rnmapbox/rnmbx/components/styles/RNMBXStyleFactory.kt:5466:67 This API is experimental. It may be changed in the future without notice.
w: file:///home/odin/Dungeon/Personal/xc-mvp/node_modules/@rnmapbox/maps/android/src/main/java/com/rnmapbox/rnmbx/components/styles/RNMBXStyleFactory.kt:5480:15 Condition is always 'true'.
w: file:///home/odin/Dungeon/Personal/xc-mvp/node_modules/@rnmapbox/maps/android/src/main/java/com/rnmapbox/rnmbx/components/styles/RNMBXStyleFactory.kt:5523:15 Condition is always 'true'.
w: file:///home/odin/Dungeon/Personal/xc-mvp/node_modules/@rnmapbox/maps/android/src/main/java/com/rnmapbox/rnmbx/components/styles/RNMBXStyleFactory.kt:5541:15 Condition is always 'true'.
w: file:///home/odin/Dungeon/Personal/xc-mvp/node_modules/@rnmapbox/maps/android/src/main/java/com/rnmapbox/rnmbx/components/styles/RNMBXStyleFactory.kt:5559:15 Condition is always 'true'.
w: file:///home/odin/Dungeon/Personal/xc-mvp/node_modules/@rnmapbox/maps/android/src/main/java/com/rnmapbox/rnmbx/components/styles/RNMBXStyleFactory.kt:5577:15 Condition is always 'true'.
w: file:///home/odin/Dungeon/Personal/xc-mvp/node_modules/@rnmapbox/maps/android/src/main/java/com/rnmapbox/rnmbx/components/styles/RNMBXStyleFactory.kt:5608:15 Condition is always 'true'.
w: file:///home/odin/Dungeon/Personal/xc-mvp/node_modules/@rnmapbox/maps/android/src/main/java/com/rnmapbox/rnmbx/components/styles/RNMBXStyleFactory.kt:5626:15 Condition is always 'true'.
w: file:///home/odin/Dungeon/Personal/xc-mvp/node_modules/@rnmapbox/maps/android/src/main/java/com/rnmapbox/rnmbx/components/styles/RNMBXStyleFactory.kt:5644:15 Condition is always 'true'.
w: file:///home/odin/Dungeon/Personal/xc-mvp/node_modules/@rnmapbox/maps/android/src/main/java/com/rnmapbox/rnmbx/components/styles/RNMBXStyleFactory.kt:5704:15 Condition is always 'true'.
w: file:///home/odin/Dungeon/Personal/xc-mvp/node_modules/@rnmapbox/maps/android/src/main/java/com/rnmapbox/rnmbx/components/styles/RNMBXStyleFactory.kt:5730:15 Condition is always 'true'.
w: file:///home/odin/Dungeon/Personal/xc-mvp/node_modules/@rnmapbox/maps/android/src/main/java/com/rnmapbox/rnmbx/components/styles/RNMBXStyleFactory.kt:5756:15 Condition is always 'true'.
w: file:///home/odin/Dungeon/Personal/xc-mvp/node_modules/@rnmapbox/maps/android/src/main/java/com/rnmapbox/rnmbx/components/styles/RNMBXStyleFactory.kt:5782:15 Condition is always 'true'.
w: file:///home/odin/Dungeon/Personal/xc-mvp/node_modules/@rnmapbox/maps/android/src/main/java/com/rnmapbox/rnmbx/components/styles/RNMBXStyleFactory.kt:5808:15 Condition is always 'true'.
w: file:///home/odin/Dungeon/Personal/xc-mvp/node_modules/@rnmapbox/maps/android/src/main/java/com/rnmapbox/rnmbx/components/styles/RNMBXStyleFactory.kt:5834:15 Condition is always 'true'.
w: file:///home/odin/Dungeon/Personal/xc-mvp/node_modules/@rnmapbox/maps/android/src/main/java/com/rnmapbox/rnmbx/components/styles/RNMBXStyleFactory.kt:5860:15 Condition is always 'true'.
w: file:///home/odin/Dungeon/Personal/xc-mvp/node_modules/@rnmapbox/maps/android/src/main/java/com/rnmapbox/rnmbx/components/styles/RNMBXStyleFactory.kt:5886:15 Condition is always 'true'.
w: file:///home/odin/Dungeon/Personal/xc-mvp/node_modules/@rnmapbox/maps/android/src/main/java/com/rnmapbox/rnmbx/components/styles/RNMBXStyleFactory.kt:5912:15 Condition is always 'true'.
w: file:///home/odin/Dungeon/Personal/xc-mvp/node_modules/@rnmapbox/maps/android/src/main/java/com/rnmapbox/rnmbx/components/styles/RNMBXStyleFactory.kt:5928:27 This API is experimental. It may be changed in the future without notice.
w: file:///home/odin/Dungeon/Personal/xc-mvp/node_modules/@rnmapbox/maps/android/src/main/java/com/rnmapbox/rnmbx/components/styles/RNMBXStyleFactory.kt:5932:11 This API is experimental. It may be changed in the future without notice.
w: file:///home/odin/Dungeon/Personal/xc-mvp/node_modules/@rnmapbox/maps/android/src/main/java/com/rnmapbox/rnmbx/components/styles/RNMBXStyleFactory.kt:5932:17 This API is experimental. It may be changed in the future without notice.
w: file:///home/odin/Dungeon/Personal/xc-mvp/node_modules/@rnmapbox/maps/android/src/main/java/com/rnmapbox/rnmbx/components/styles/RNMBXStyleFactory.kt:5938:15 Condition is always 'true'.
w: file:///home/odin/Dungeon/Personal/xc-mvp/node_modules/@rnmapbox/maps/android/src/main/java/com/rnmapbox/rnmbx/components/styles/RNMBXStyleFactory.kt:5939:13 This API is experimental. It may be changed in the future without notice.
w: file:///home/odin/Dungeon/Personal/xc-mvp/node_modules/@rnmapbox/maps/android/src/main/java/com/rnmapbox/rnmbx/components/styles/RNMBXStyleFactory.kt:5939:19 This API is experimental. It may be changed in the future without notice.
w: file:///home/odin/Dungeon/Personal/xc-mvp/node_modules/@rnmapbox/maps/android/src/main/java/com/rnmapbox/rnmbx/components/styles/RNMBXStyleFactory.kt:5947:37 This API is experimental. It may be changed in the future without notice.
w: file:///home/odin/Dungeon/Personal/xc-mvp/node_modules/@rnmapbox/maps/android/src/main/java/com/rnmapbox/rnmbx/components/styles/RNMBXStyleFactory.kt:5950:9 This API is experimental. It may be changed in the future without notice.
w: file:///home/odin/Dungeon/Personal/xc-mvp/node_modules/@rnmapbox/maps/android/src/main/java/com/rnmapbox/rnmbx/components/styles/RNMBXStyleFactory.kt:5950:15 This API is experimental. It may be changed in the future without notice.
w: file:///home/odin/Dungeon/Personal/xc-mvp/node_modules/@rnmapbox/maps/android/src/main/java/com/rnmapbox/rnmbx/components/styles/RNMBXStyleFactory.kt:5954:29 This API is experimental. It may be changed in the future without notice.
w: file:///home/odin/Dungeon/Personal/xc-mvp/node_modules/@rnmapbox/maps/android/src/main/java/com/rnmapbox/rnmbx/components/styles/RNMBXStyleFactory.kt:5958:11 This API is experimental. It may be changed in the future without notice.
w: file:///home/odin/Dungeon/Personal/xc-mvp/node_modules/@rnmapbox/maps/android/src/main/java/com/rnmapbox/rnmbx/components/styles/RNMBXStyleFactory.kt:5958:17 This API is experimental. It may be changed in the future without notice.
w: file:///home/odin/Dungeon/Personal/xc-mvp/node_modules/@rnmapbox/maps/android/src/main/java/com/rnmapbox/rnmbx/components/styles/RNMBXStyleFactory.kt:5964:15 Condition is always 'true'.
w: file:///home/odin/Dungeon/Personal/xc-mvp/node_modules/@rnmapbox/maps/android/src/main/java/com/rnmapbox/rnmbx/components/styles/RNMBXStyleFactory.kt:5965:13 This API is experimental. It may be changed in the future without notice.
w: file:///home/odin/Dungeon/Personal/xc-mvp/node_modules/@rnmapbox/maps/android/src/main/java/com/rnmapbox/rnmbx/components/styles/RNMBXStyleFactory.kt:5965:19 This API is experimental. It may be changed in the future without notice.
w: file:///home/odin/Dungeon/Personal/xc-mvp/node_modules/@rnmapbox/maps/android/src/main/java/com/rnmapbox/rnmbx/components/styles/RNMBXStyleFactory.kt:5973:39 This API is experimental. It may be changed in the future without notice.
w: file:///home/odin/Dungeon/Personal/xc-mvp/node_modules/@rnmapbox/maps/android/src/main/java/com/rnmapbox/rnmbx/components/styles/RNMBXStyleFactory.kt:5976:9 This API is experimental. It may be changed in the future without notice.
w: file:///home/odin/Dungeon/Personal/xc-mvp/node_modules/@rnmapbox/maps/android/src/main/java/com/rnmapbox/rnmbx/components/styles/RNMBXStyleFactory.kt:5976:15 This API is experimental. It may be changed in the future without notice.
w: file:///home/odin/Dungeon/Personal/xc-mvp/node_modules/@rnmapbox/maps/android/src/main/java/com/rnmapbox/rnmbx/components/styles/RNMBXStyleFactory.kt:5980:25 This API is experimental. It may be changed in the future without notice.
w: file:///home/odin/Dungeon/Personal/xc-mvp/node_modules/@rnmapbox/maps/android/src/main/java/com/rnmapbox/rnmbx/components/styles/RNMBXStyleFactory.kt:5984:11 This API is experimental. It may be changed in the future without notice.
w: file:///home/odin/Dungeon/Personal/xc-mvp/node_modules/@rnmapbox/maps/android/src/main/java/com/rnmapbox/rnmbx/components/styles/RNMBXStyleFactory.kt:5984:17 This API is experimental. It may be changed in the future without notice.
w: file:///home/odin/Dungeon/Personal/xc-mvp/node_modules/@rnmapbox/maps/android/src/main/java/com/rnmapbox/rnmbx/components/styles/RNMBXStyleFactory.kt:5990:15 Condition is always 'true'.
w: file:///home/odin/Dungeon/Personal/xc-mvp/node_modules/@rnmapbox/maps/android/src/main/java/com/rnmapbox/rnmbx/components/styles/RNMBXStyleFactory.kt:5991:13 This API is experimental. It may be changed in the future without notice.
w: file:///home/odin/Dungeon/Personal/xc-mvp/node_modules/@rnmapbox/maps/android/src/main/java/com/rnmapbox/rnmbx/components/styles/RNMBXStyleFactory.kt:5991:19 This API is experimental. It may be changed in the future without notice.
w: file:///home/odin/Dungeon/Personal/xc-mvp/node_modules/@rnmapbox/maps/android/src/main/java/com/rnmapbox/rnmbx/components/styles/RNMBXStyleFactory.kt:5999:35 This API is experimental. It may be changed in the future without notice.
w: file:///home/odin/Dungeon/Personal/xc-mvp/node_modules/@rnmapbox/maps/android/src/main/java/com/rnmapbox/rnmbx/components/styles/RNMBXStyleFactory.kt:6002:9 This API is experimental. It may be changed in the future without notice.
w: file:///home/odin/Dungeon/Personal/xc-mvp/node_modules/@rnmapbox/maps/android/src/main/java/com/rnmapbox/rnmbx/components/styles/RNMBXStyleFactory.kt:6002:15 This API is experimental. It may be changed in the future without notice.
w: file:///home/odin/Dungeon/Personal/xc-mvp/node_modules/@rnmapbox/maps/android/src/main/java/com/rnmapbox/rnmbx/components/styles/RNMBXStyleFactory.kt:6006:27 This API is experimental. It may be changed in the future without notice.
w: file:///home/odin/Dungeon/Personal/xc-mvp/node_modules/@rnmapbox/maps/android/src/main/java/com/rnmapbox/rnmbx/components/styles/RNMBXStyleFactory.kt:6010:11 This API is experimental. It may be changed in the future without notice.
w: file:///home/odin/Dungeon/Personal/xc-mvp/node_modules/@rnmapbox/maps/android/src/main/java/com/rnmapbox/rnmbx/components/styles/RNMBXStyleFactory.kt:6010:17 This API is experimental. It may be changed in the future without notice.
w: file:///home/odin/Dungeon/Personal/xc-mvp/node_modules/@rnmapbox/maps/android/src/main/java/com/rnmapbox/rnmbx/components/styles/RNMBXStyleFactory.kt:6016:15 Condition is always 'true'.
w: file:///home/odin/Dungeon/Personal/xc-mvp/node_modules/@rnmapbox/maps/android/src/main/java/com/rnmapbox/rnmbx/components/styles/RNMBXStyleFactory.kt:6017:13 This API is experimental. It may be changed in the future without notice.
w: file:///home/odin/Dungeon/Personal/xc-mvp/node_modules/@rnmapbox/maps/android/src/main/java/com/rnmapbox/rnmbx/components/styles/RNMBXStyleFactory.kt:6017:19 This API is experimental. It may be changed in the future without notice.
w: file:///home/odin/Dungeon/Personal/xc-mvp/node_modules/@rnmapbox/maps/android/src/main/java/com/rnmapbox/rnmbx/components/styles/RNMBXStyleFactory.kt:6025:37 This API is experimental. It may be changed in the future without notice.
w: file:///home/odin/Dungeon/Personal/xc-mvp/node_modules/@rnmapbox/maps/android/src/main/java/com/rnmapbox/rnmbx/components/styles/RNMBXStyleFactory.kt:6028:9 This API is experimental. It may be changed in the future without notice.
w: file:///home/odin/Dungeon/Personal/xc-mvp/node_modules/@rnmapbox/maps/android/src/main/java/com/rnmapbox/rnmbx/components/styles/RNMBXStyleFactory.kt:6028:15 This API is experimental. It may be changed in the future without notice.
w: file:///home/odin/Dungeon/Personal/xc-mvp/node_modules/@rnmapbox/maps/android/src/main/java/com/rnmapbox/rnmbx/components/styles/RNMBXStyleFactory.kt:6032:28 This API is experimental. It may be changed in the future without notice.
w: file:///home/odin/Dungeon/Personal/xc-mvp/node_modules/@rnmapbox/maps/android/src/main/java/com/rnmapbox/rnmbx/components/styles/RNMBXStyleFactory.kt:6036:11 This API is experimental. It may be changed in the future without notice.
w: file:///home/odin/Dungeon/Personal/xc-mvp/node_modules/@rnmapbox/maps/android/src/main/java/com/rnmapbox/rnmbx/components/styles/RNMBXStyleFactory.kt:6036:17 This API is experimental. It may be changed in the future without notice.
w: file:///home/odin/Dungeon/Personal/xc-mvp/node_modules/@rnmapbox/maps/android/src/main/java/com/rnmapbox/rnmbx/components/styles/RNMBXStyleFactory.kt:6042:15 Condition is always 'true'.
w: file:///home/odin/Dungeon/Personal/xc-mvp/node_modules/@rnmapbox/maps/android/src/main/java/com/rnmapbox/rnmbx/components/styles/RNMBXStyleFactory.kt:6043:13 This API is experimental. It may be changed in the future without notice.
w: file:///home/odin/Dungeon/Personal/xc-mvp/node_modules/@rnmapbox/maps/android/src/main/java/com/rnmapbox/rnmbx/components/styles/RNMBXStyleFactory.kt:6043:19 This API is experimental. It may be changed in the future without notice.
w: file:///home/odin/Dungeon/Personal/xc-mvp/node_modules/@rnmapbox/maps/android/src/main/java/com/rnmapbox/rnmbx/components/styles/RNMBXStyleFactory.kt:6051:38 This API is experimental. It may be changed in the future without notice.
w: file:///home/odin/Dungeon/Personal/xc-mvp/node_modules/@rnmapbox/maps/android/src/main/java/com/rnmapbox/rnmbx/components/styles/RNMBXStyleFactory.kt:6054:9 This API is experimental. It may be changed in the future without notice.
w: file:///home/odin/Dungeon/Personal/xc-mvp/node_modules/@rnmapbox/maps/android/src/main/java/com/rnmapbox/rnmbx/components/styles/RNMBXStyleFactory.kt:6054:15 This API is experimental. It may be changed in the future without notice.
w: file:///home/odin/Dungeon/Personal/xc-mvp/node_modules/@rnmapbox/maps/android/src/main/java/com/rnmapbox/rnmbx/components/styles/RNMBXStyleFactory.kt:6058:33 This API is experimental. It may be changed in the future without notice.
w: file:///home/odin/Dungeon/Personal/xc-mvp/node_modules/@rnmapbox/maps/android/src/main/java/com/rnmapbox/rnmbx/components/styles/RNMBXStyleFactory.kt:6062:11 This API is experimental. It may be changed in the future without notice.
w: file:///home/odin/Dungeon/Personal/xc-mvp/node_modules/@rnmapbox/maps/android/src/main/java/com/rnmapbox/rnmbx/components/styles/RNMBXStyleFactory.kt:6062:17 This API is experimental. It may be changed in the future without notice.
w: file:///home/odin/Dungeon/Personal/xc-mvp/node_modules/@rnmapbox/maps/android/src/main/java/com/rnmapbox/rnmbx/components/styles/RNMBXStyleFactory.kt:6068:15 Condition is always 'true'.
w: file:///home/odin/Dungeon/Personal/xc-mvp/node_modules/@rnmapbox/maps/android/src/main/java/com/rnmapbox/rnmbx/components/styles/RNMBXStyleFactory.kt:6069:13 This API is experimental. It may be changed in the future without notice.
w: file:///home/odin/Dungeon/Personal/xc-mvp/node_modules/@rnmapbox/maps/android/src/main/java/com/rnmapbox/rnmbx/components/styles/RNMBXStyleFactory.kt:6069:19 This API is experimental. It may be changed in the future without notice.
w: file:///home/odin/Dungeon/Personal/xc-mvp/node_modules/@rnmapbox/maps/android/src/main/java/com/rnmapbox/rnmbx/components/styles/RNMBXStyleFactory.kt:6077:43 This API is experimental. It may be changed in the future without notice.
w: file:///home/odin/Dungeon/Personal/xc-mvp/node_modules/@rnmapbox/maps/android/src/main/java/com/rnmapbox/rnmbx/components/styles/RNMBXStyleFactory.kt:6080:9 This API is experimental. It may be changed in the future without notice.
w: file:///home/odin/Dungeon/Personal/xc-mvp/node_modules/@rnmapbox/maps/android/src/main/java/com/rnmapbox/rnmbx/components/styles/RNMBXStyleFactory.kt:6080:15 This API is experimental. It may be changed in the future without notice.
w: file:///home/odin/Dungeon/Personal/xc-mvp/node_modules/@rnmapbox/maps/android/src/main/java/com/rnmapbox/rnmbx/components/styles/RNMBXStyleFactory.kt:6084:34 This API is experimental. It may be changed in the future without notice.
w: file:///home/odin/Dungeon/Personal/xc-mvp/node_modules/@rnmapbox/maps/android/src/main/java/com/rnmapbox/rnmbx/components/styles/RNMBXStyleFactory.kt:6088:11 This API is experimental. It may be changed in the future without notice.
w: file:///home/odin/Dungeon/Personal/xc-mvp/node_modules/@rnmapbox/maps/android/src/main/java/com/rnmapbox/rnmbx/components/styles/RNMBXStyleFactory.kt:6088:17 This API is experimental. It may be changed in the future without notice.
w: file:///home/odin/Dungeon/Personal/xc-mvp/node_modules/@rnmapbox/maps/android/src/main/java/com/rnmapbox/rnmbx/components/styles/RNMBXStyleFactory.kt:6094:15 Condition is always 'true'.
w: file:///home/odin/Dungeon/Personal/xc-mvp/node_modules/@rnmapbox/maps/android/src/main/java/com/rnmapbox/rnmbx/components/styles/RNMBXStyleFactory.kt:6095:13 This API is experimental. It may be changed in the future without notice.
w: file:///home/odin/Dungeon/Personal/xc-mvp/node_modules/@rnmapbox/maps/android/src/main/java/com/rnmapbox/rnmbx/components/styles/RNMBXStyleFactory.kt:6095:19 This API is experimental. It may be changed in the future without notice.
w: file:///home/odin/Dungeon/Personal/xc-mvp/node_modules/@rnmapbox/maps/android/src/main/java/com/rnmapbox/rnmbx/components/styles/RNMBXStyleFactory.kt:6103:44 This API is experimental. It may be changed in the future without notice.
w: file:///home/odin/Dungeon/Personal/xc-mvp/node_modules/@rnmapbox/maps/android/src/main/java/com/rnmapbox/rnmbx/components/styles/RNMBXStyleFactory.kt:6106:9 This API is experimental. It may be changed in the future without notice.
w: file:///home/odin/Dungeon/Personal/xc-mvp/node_modules/@rnmapbox/maps/android/src/main/java/com/rnmapbox/rnmbx/components/styles/RNMBXStyleFactory.kt:6106:15 This API is experimental. It may be changed in the future without notice.
w: file:///home/odin/Dungeon/Personal/xc-mvp/node_modules/@rnmapbox/maps/android/src/main/java/com/rnmapbox/rnmbx/components/styles/RNMBXStyleFactory.kt:6110:29 This API is experimental. It may be changed in the future without notice.
w: file:///home/odin/Dungeon/Personal/xc-mvp/node_modules/@rnmapbox/maps/android/src/main/java/com/rnmapbox/rnmbx/components/styles/RNMBXStyleFactory.kt:6114:11 This API is experimental. It may be changed in the future without notice.
w: file:///home/odin/Dungeon/Personal/xc-mvp/node_modules/@rnmapbox/maps/android/src/main/java/com/rnmapbox/rnmbx/components/styles/RNMBXStyleFactory.kt:6114:17 This API is experimental. It may be changed in the future without notice.
w: file:///home/odin/Dungeon/Personal/xc-mvp/node_modules/@rnmapbox/maps/android/src/main/java/com/rnmapbox/rnmbx/components/styles/RNMBXStyleFactory.kt:6120:15 Condition is always 'true'.
w: file:///home/odin/Dungeon/Personal/xc-mvp/node_modules/@rnmapbox/maps/android/src/main/java/com/rnmapbox/rnmbx/components/styles/RNMBXStyleFactory.kt:6121:13 This API is experimental. It may be changed in the future without notice.
w: file:///home/odin/Dungeon/Personal/xc-mvp/node_modules/@rnmapbox/maps/android/src/main/java/com/rnmapbox/rnmbx/components/styles/RNMBXStyleFactory.kt:6121:19 This API is experimental. It may be changed in the future without notice.
w: file:///home/odin/Dungeon/Personal/xc-mvp/node_modules/@rnmapbox/maps/android/src/main/java/com/rnmapbox/rnmbx/components/styles/RNMBXStyleFactory.kt:6129:39 This API is experimental. It may be changed in the future without notice.
w: file:///home/odin/Dungeon/Personal/xc-mvp/node_modules/@rnmapbox/maps/android/src/main/java/com/rnmapbox/rnmbx/components/styles/RNMBXStyleFactory.kt:6132:9 This API is experimental. It may be changed in the future without notice.
w: file:///home/odin/Dungeon/Personal/xc-mvp/node_modules/@rnmapbox/maps/android/src/main/java/com/rnmapbox/rnmbx/components/styles/RNMBXStyleFactory.kt:6132:15 This API is experimental. It may be changed in the future without notice.
w: file:///home/odin/Dungeon/Personal/xc-mvp/node_modules/@rnmapbox/maps/android/src/main/java/com/rnmapbox/rnmbx/components/styles/RNMBXStyleFactory.kt:6136:29 This API is experimental. It may be changed in the future without notice.
w: file:///home/odin/Dungeon/Personal/xc-mvp/node_modules/@rnmapbox/maps/android/src/main/java/com/rnmapbox/rnmbx/components/styles/RNMBXStyleFactory.kt:6140:11 This API is experimental. It may be changed in the future without notice.
w: file:///home/odin/Dungeon/Personal/xc-mvp/node_modules/@rnmapbox/maps/android/src/main/java/com/rnmapbox/rnmbx/components/styles/RNMBXStyleFactory.kt:6140:17 This API is experimental. It may be changed in the future without notice.
w: file:///home/odin/Dungeon/Personal/xc-mvp/node_modules/@rnmapbox/maps/android/src/main/java/com/rnmapbox/rnmbx/components/styles/RNMBXStyleFactory.kt:6146:15 Condition is always 'true'.
w: file:///home/odin/Dungeon/Personal/xc-mvp/node_modules/@rnmapbox/maps/android/src/main/java/com/rnmapbox/rnmbx/components/styles/RNMBXStyleFactory.kt:6147:13 This API is experimental. It may be changed in the future without notice.
w: file:///home/odin/Dungeon/Personal/xc-mvp/node_modules/@rnmapbox/maps/android/src/main/java/com/rnmapbox/rnmbx/components/styles/RNMBXStyleFactory.kt:6147:19 This API is experimental. It may be changed in the future without notice.
w: file:///home/odin/Dungeon/Personal/xc-mvp/node_modules/@rnmapbox/maps/android/src/main/java/com/rnmapbox/rnmbx/components/styles/RNMBXStyleFactory.kt:6155:39 This API is experimental. It may be changed in the future without notice.
w: file:///home/odin/Dungeon/Personal/xc-mvp/node_modules/@rnmapbox/maps/android/src/main/java/com/rnmapbox/rnmbx/components/styles/RNMBXStyleFactory.kt:6158:9 This API is experimental. It may be changed in the future without notice.
w: file:///home/odin/Dungeon/Personal/xc-mvp/node_modules/@rnmapbox/maps/android/src/main/java/com/rnmapbox/rnmbx/components/styles/RNMBXStyleFactory.kt:6158:15 This API is experimental. It may be changed in the future without notice.
w: file:///home/odin/Dungeon/Personal/xc-mvp/node_modules/@rnmapbox/maps/android/src/main/java/com/rnmapbox/rnmbx/components/styles/RNMBXStyleFactory.kt:6162:27 This API is experimental. It may be changed in the future without notice.
w: file:///home/odin/Dungeon/Personal/xc-mvp/node_modules/@rnmapbox/maps/android/src/main/java/com/rnmapbox/rnmbx/components/styles/RNMBXStyleFactory.kt:6166:11 This API is experimental. It may be changed in the future without notice.
w: file:///home/odin/Dungeon/Personal/xc-mvp/node_modules/@rnmapbox/maps/android/src/main/java/com/rnmapbox/rnmbx/components/styles/RNMBXStyleFactory.kt:6166:17 This API is experimental. It may be changed in the future without notice.
w: file:///home/odin/Dungeon/Personal/xc-mvp/node_modules/@rnmapbox/maps/android/src/main/java/com/rnmapbox/rnmbx/components/styles/RNMBXStyleFactory.kt:6172:15 Condition is always 'true'.
w: file:///home/odin/Dungeon/Personal/xc-mvp/node_modules/@rnmapbox/maps/android/src/main/java/com/rnmapbox/rnmbx/components/styles/RNMBXStyleFactory.kt:6173:13 This API is experimental. It may be changed in the future without notice.
w: file:///home/odin/Dungeon/Personal/xc-mvp/node_modules/@rnmapbox/maps/android/src/main/java/com/rnmapbox/rnmbx/components/styles/RNMBXStyleFactory.kt:6173:19 This API is experimental. It may be changed in the future without notice.
w: file:///home/odin/Dungeon/Personal/xc-mvp/node_modules/@rnmapbox/maps/android/src/main/java/com/rnmapbox/rnmbx/components/styles/RNMBXStyleFactory.kt:6181:37 This API is experimental. It may be changed in the future without notice.
w: file:///home/odin/Dungeon/Personal/xc-mvp/node_modules/@rnmapbox/maps/android/src/main/java/com/rnmapbox/rnmbx/components/styles/RNMBXStyleFactory.kt:6184:9 This API is experimental. It may be changed in the future without notice.
w: file:///home/odin/Dungeon/Personal/xc-mvp/node_modules/@rnmapbox/maps/android/src/main/java/com/rnmapbox/rnmbx/components/styles/RNMBXStyleFactory.kt:6184:15 This API is experimental. It may be changed in the future without notice.
w: file:///home/odin/Dungeon/Personal/xc-mvp/node_modules/@rnmapbox/maps/android/src/main/java/com/rnmapbox/rnmbx/components/styles/RNMBXStyleFactory.kt:6188:29 This API is experimental. It may be changed in the future without notice.
w: file:///home/odin/Dungeon/Personal/xc-mvp/node_modules/@rnmapbox/maps/android/src/main/java/com/rnmapbox/rnmbx/components/styles/RNMBXStyleFactory.kt:6192:11 This API is experimental. It may be changed in the future without notice.
w: file:///home/odin/Dungeon/Personal/xc-mvp/node_modules/@rnmapbox/maps/android/src/main/java/com/rnmapbox/rnmbx/components/styles/RNMBXStyleFactory.kt:6192:17 This API is experimental. It may be changed in the future without notice.
w: file:///home/odin/Dungeon/Personal/xc-mvp/node_modules/@rnmapbox/maps/android/src/main/java/com/rnmapbox/rnmbx/components/styles/RNMBXStyleFactory.kt:6198:15 Condition is always 'true'.
w: file:///home/odin/Dungeon/Personal/xc-mvp/node_modules/@rnmapbox/maps/android/src/main/java/com/rnmapbox/rnmbx/components/styles/RNMBXStyleFactory.kt:6199:13 This API is experimental. It may be changed in the future without notice.
w: file:///home/odin/Dungeon/Personal/xc-mvp/node_modules/@rnmapbox/maps/android/src/main/java/com/rnmapbox/rnmbx/components/styles/RNMBXStyleFactory.kt:6199:19 This API is experimental. It may be changed in the future without notice.
w: file:///home/odin/Dungeon/Personal/xc-mvp/node_modules/@rnmapbox/maps/android/src/main/java/com/rnmapbox/rnmbx/components/styles/RNMBXStyleFactory.kt:6207:39 This API is experimental. It may be changed in the future without notice.
w: file:///home/odin/Dungeon/Personal/xc-mvp/node_modules/@rnmapbox/maps/android/src/main/java/com/rnmapbox/rnmbx/components/styles/RNMBXStyleFactory.kt:6210:9 This API is experimental. It may be changed in the future without notice.
w: file:///home/odin/Dungeon/Personal/xc-mvp/node_modules/@rnmapbox/maps/android/src/main/java/com/rnmapbox/rnmbx/components/styles/RNMBXStyleFactory.kt:6210:15 This API is experimental. It may be changed in the future without notice.
w: file:///home/odin/Dungeon/Personal/xc-mvp/node_modules/@rnmapbox/maps/android/src/main/java/com/rnmapbox/rnmbx/components/styles/RNMBXStyleFactory.kt:6214:25 This API is experimental. It may be changed in the future without notice.
w: file:///home/odin/Dungeon/Personal/xc-mvp/node_modules/@rnmapbox/maps/android/src/main/java/com/rnmapbox/rnmbx/components/styles/RNMBXStyleFactory.kt:6218:11 This API is experimental. It may be changed in the future without notice.
w: file:///home/odin/Dungeon/Personal/xc-mvp/node_modules/@rnmapbox/maps/android/src/main/java/com/rnmapbox/rnmbx/components/styles/RNMBXStyleFactory.kt:6218:17 This API is experimental. It may be changed in the future without notice.
w: file:///home/odin/Dungeon/Personal/xc-mvp/node_modules/@rnmapbox/maps/android/src/main/java/com/rnmapbox/rnmbx/components/styles/RNMBXStyleFactory.kt:6224:15 Condition is always 'true'.
w: file:///home/odin/Dungeon/Personal/xc-mvp/node_modules/@rnmapbox/maps/android/src/main/java/com/rnmapbox/rnmbx/components/styles/RNMBXStyleFactory.kt:6225:13 This API is experimental. It may be changed in the future without notice.
w: file:///home/odin/Dungeon/Personal/xc-mvp/node_modules/@rnmapbox/maps/android/src/main/java/com/rnmapbox/rnmbx/components/styles/RNMBXStyleFactory.kt:6225:19 This API is experimental. It may be changed in the future without notice.
w: file:///home/odin/Dungeon/Personal/xc-mvp/node_modules/@rnmapbox/maps/android/src/main/java/com/rnmapbox/rnmbx/components/styles/RNMBXStyleFactory.kt:6233:35 This API is experimental. It may be changed in the future without notice.
w: file:///home/odin/Dungeon/Personal/xc-mvp/node_modules/@rnmapbox/maps/android/src/main/java/com/rnmapbox/rnmbx/components/styles/RNMBXStyleFactory.kt:6236:9 This API is experimental. It may be changed in the future without notice.
w: file:///home/odin/Dungeon/Personal/xc-mvp/node_modules/@rnmapbox/maps/android/src/main/java/com/rnmapbox/rnmbx/components/styles/RNMBXStyleFactory.kt:6236:15 This API is experimental. It may be changed in the future without notice.
w: file:///home/odin/Dungeon/Personal/xc-mvp/node_modules/@rnmapbox/maps/android/src/main/java/com/rnmapbox/rnmbx/components/styles/RNMBXStyleFactory.kt:6240:27 This API is experimental. It may be changed in the future without notice.
w: file:///home/odin/Dungeon/Personal/xc-mvp/node_modules/@rnmapbox/maps/android/src/main/java/com/rnmapbox/rnmbx/components/styles/RNMBXStyleFactory.kt:6244:11 This API is experimental. It may be changed in the future without notice.
w: file:///home/odin/Dungeon/Personal/xc-mvp/node_modules/@rnmapbox/maps/android/src/main/java/com/rnmapbox/rnmbx/components/styles/RNMBXStyleFactory.kt:6244:17 This API is experimental. It may be changed in the future without notice.
w: file:///home/odin/Dungeon/Personal/xc-mvp/node_modules/@rnmapbox/maps/android/src/main/java/com/rnmapbox/rnmbx/components/styles/RNMBXStyleFactory.kt:6250:15 Condition is always 'true'.
w: file:///home/odin/Dungeon/Personal/xc-mvp/node_modules/@rnmapbox/maps/android/src/main/java/com/rnmapbox/rnmbx/components/styles/RNMBXStyleFactory.kt:6251:13 This API is experimental. It may be changed in the future without notice.
w: file:///home/odin/Dungeon/Personal/xc-mvp/node_modules/@rnmapbox/maps/android/src/main/java/com/rnmapbox/rnmbx/components/styles/RNMBXStyleFactory.kt:6251:19 This API is experimental. It may be changed in the future without notice.
w: file:///home/odin/Dungeon/Personal/xc-mvp/node_modules/@rnmapbox/maps/android/src/main/java/com/rnmapbox/rnmbx/components/styles/RNMBXStyleFactory.kt:6259:37 This API is experimental. It may be changed in the future without notice.
w: file:///home/odin/Dungeon/Personal/xc-mvp/node_modules/@rnmapbox/maps/android/src/main/java/com/rnmapbox/rnmbx/components/styles/RNMBXStyleFactory.kt:6262:9 This API is experimental. It may be changed in the future without notice.
w: file:///home/odin/Dungeon/Personal/xc-mvp/node_modules/@rnmapbox/maps/android/src/main/java/com/rnmapbox/rnmbx/components/styles/RNMBXStyleFactory.kt:6262:15 This API is experimental. It may be changed in the future without notice.
w: file:///home/odin/Dungeon/Personal/xc-mvp/node_modules/@rnmapbox/maps/android/src/main/java/com/rnmapbox/rnmbx/components/styles/RNMBXStyleFactory.kt:6266:28 This API is experimental. It may be changed in the future without notice.
w: file:///home/odin/Dungeon/Personal/xc-mvp/node_modules/@rnmapbox/maps/android/src/main/java/com/rnmapbox/rnmbx/components/styles/RNMBXStyleFactory.kt:6270:11 This API is experimental. It may be changed in the future without notice.
w: file:///home/odin/Dungeon/Personal/xc-mvp/node_modules/@rnmapbox/maps/android/src/main/java/com/rnmapbox/rnmbx/components/styles/RNMBXStyleFactory.kt:6270:17 This API is experimental. It may be changed in the future without notice.
w: file:///home/odin/Dungeon/Personal/xc-mvp/node_modules/@rnmapbox/maps/android/src/main/java/com/rnmapbox/rnmbx/components/styles/RNMBXStyleFactory.kt:6276:15 Condition is always 'true'.
w: file:///home/odin/Dungeon/Personal/xc-mvp/node_modules/@rnmapbox/maps/android/src/main/java/com/rnmapbox/rnmbx/components/styles/RNMBXStyleFactory.kt:6277:13 This API is experimental. It may be changed in the future without notice.
w: file:///home/odin/Dungeon/Personal/xc-mvp/node_modules/@rnmapbox/maps/android/src/main/java/com/rnmapbox/rnmbx/components/styles/RNMBXStyleFactory.kt:6277:19 This API is experimental. It may be changed in the future without notice.
w: file:///home/odin/Dungeon/Personal/xc-mvp/node_modules/@rnmapbox/maps/android/src/main/java/com/rnmapbox/rnmbx/components/styles/RNMBXStyleFactory.kt:6285:38 This API is experimental. It may be changed in the future without notice.
w: file:///home/odin/Dungeon/Personal/xc-mvp/node_modules/@rnmapbox/maps/android/src/main/java/com/rnmapbox/rnmbx/components/styles/RNMBXStyleFactory.kt:6288:9 This API is experimental. It may be changed in the future without notice.
w: file:///home/odin/Dungeon/Personal/xc-mvp/node_modules/@rnmapbox/maps/android/src/main/java/com/rnmapbox/rnmbx/components/styles/RNMBXStyleFactory.kt:6288:15 This API is experimental. It may be changed in the future without notice.
w: file:///home/odin/Dungeon/Personal/xc-mvp/node_modules/@rnmapbox/maps/android/src/main/java/com/rnmapbox/rnmbx/components/styles/RNMBXStyleFactory.kt:6292:33 This API is experimental. It may be changed in the future without notice.
w: file:///home/odin/Dungeon/Personal/xc-mvp/node_modules/@rnmapbox/maps/android/src/main/java/com/rnmapbox/rnmbx/components/styles/RNMBXStyleFactory.kt:6296:11 This API is experimental. It may be changed in the future without notice.
w: file:///home/odin/Dungeon/Personal/xc-mvp/node_modules/@rnmapbox/maps/android/src/main/java/com/rnmapbox/rnmbx/components/styles/RNMBXStyleFactory.kt:6296:17 This API is experimental. It may be changed in the future without notice.
w: file:///home/odin/Dungeon/Personal/xc-mvp/node_modules/@rnmapbox/maps/android/src/main/java/com/rnmapbox/rnmbx/components/styles/RNMBXStyleFactory.kt:6302:15 Condition is always 'true'.
w: file:///home/odin/Dungeon/Personal/xc-mvp/node_modules/@rnmapbox/maps/android/src/main/java/com/rnmapbox/rnmbx/components/styles/RNMBXStyleFactory.kt:6303:13 This API is experimental. It may be changed in the future without notice.
w: file:///home/odin/Dungeon/Personal/xc-mvp/node_modules/@rnmapbox/maps/android/src/main/java/com/rnmapbox/rnmbx/components/styles/RNMBXStyleFactory.kt:6303:19 This API is experimental. It may be changed in the future without notice.
w: file:///home/odin/Dungeon/Personal/xc-mvp/node_modules/@rnmapbox/maps/android/src/main/java/com/rnmapbox/rnmbx/components/styles/RNMBXStyleFactory.kt:6311:43 This API is experimental. It may be changed in the future without notice.
w: file:///home/odin/Dungeon/Personal/xc-mvp/node_modules/@rnmapbox/maps/android/src/main/java/com/rnmapbox/rnmbx/components/styles/RNMBXStyleFactory.kt:6314:9 This API is experimental. It may be changed in the future without notice.
w: file:///home/odin/Dungeon/Personal/xc-mvp/node_modules/@rnmapbox/maps/android/src/main/java/com/rnmapbox/rnmbx/components/styles/RNMBXStyleFactory.kt:6314:15 This API is experimental. It may be changed in the future without notice.
w: file:///home/odin/Dungeon/Personal/xc-mvp/node_modules/@rnmapbox/maps/android/src/main/java/com/rnmapbox/rnmbx/components/styles/RNMBXStyleFactory.kt:6318:34 This API is experimental. It may be changed in the future without notice.
w: file:///home/odin/Dungeon/Personal/xc-mvp/node_modules/@rnmapbox/maps/android/src/main/java/com/rnmapbox/rnmbx/components/styles/RNMBXStyleFactory.kt:6322:11 This API is experimental. It may be changed in the future without notice.
w: file:///home/odin/Dungeon/Personal/xc-mvp/node_modules/@rnmapbox/maps/android/src/main/java/com/rnmapbox/rnmbx/components/styles/RNMBXStyleFactory.kt:6322:17 This API is experimental. It may be changed in the future without notice.
w: file:///home/odin/Dungeon/Personal/xc-mvp/node_modules/@rnmapbox/maps/android/src/main/java/com/rnmapbox/rnmbx/components/styles/RNMBXStyleFactory.kt:6328:15 Condition is always 'true'.
w: file:///home/odin/Dungeon/Personal/xc-mvp/node_modules/@rnmapbox/maps/android/src/main/java/com/rnmapbox/rnmbx/components/styles/RNMBXStyleFactory.kt:6329:13 This API is experimental. It may be changed in the future without notice.
w: file:///home/odin/Dungeon/Personal/xc-mvp/node_modules/@rnmapbox/maps/android/src/main/java/com/rnmapbox/rnmbx/components/styles/RNMBXStyleFactory.kt:6329:19 This API is experimental. It may be changed in the future without notice.
w: file:///home/odin/Dungeon/Personal/xc-mvp/node_modules/@rnmapbox/maps/android/src/main/java/com/rnmapbox/rnmbx/components/styles/RNMBXStyleFactory.kt:6337:44 This API is experimental. It may be changed in the future without notice.
w: file:///home/odin/Dungeon/Personal/xc-mvp/node_modules/@rnmapbox/maps/android/src/main/java/com/rnmapbox/rnmbx/components/styles/RNMBXStyleFactory.kt:6340:9 This API is experimental. It may be changed in the future without notice.
w: file:///home/odin/Dungeon/Personal/xc-mvp/node_modules/@rnmapbox/maps/android/src/main/java/com/rnmapbox/rnmbx/components/styles/RNMBXStyleFactory.kt:6340:15 This API is experimental. It may be changed in the future without notice.
w: file:///home/odin/Dungeon/Personal/xc-mvp/node_modules/@rnmapbox/maps/android/src/main/java/com/rnmapbox/rnmbx/components/styles/RNMBXStyleFactory.kt:6344:29 This API is experimental. It may be changed in the future without notice.
w: file:///home/odin/Dungeon/Personal/xc-mvp/node_modules/@rnmapbox/maps/android/src/main/java/com/rnmapbox/rnmbx/components/styles/RNMBXStyleFactory.kt:6348:11 This API is experimental. It may be changed in the future without notice.
w: file:///home/odin/Dungeon/Personal/xc-mvp/node_modules/@rnmapbox/maps/android/src/main/java/com/rnmapbox/rnmbx/components/styles/RNMBXStyleFactory.kt:6348:17 This API is experimental. It may be changed in the future without notice.
w: file:///home/odin/Dungeon/Personal/xc-mvp/node_modules/@rnmapbox/maps/android/src/main/java/com/rnmapbox/rnmbx/components/styles/RNMBXStyleFactory.kt:6354:15 Condition is always 'true'.
w: file:///home/odin/Dungeon/Personal/xc-mvp/node_modules/@rnmapbox/maps/android/src/main/java/com/rnmapbox/rnmbx/components/styles/RNMBXStyleFactory.kt:6355:13 This API is experimental. It may be changed in the future without notice.
w: file:///home/odin/Dungeon/Personal/xc-mvp/node_modules/@rnmapbox/maps/android/src/main/java/com/rnmapbox/rnmbx/components/styles/RNMBXStyleFactory.kt:6355:19 This API is experimental. It may be changed in the future without notice.
w: file:///home/odin/Dungeon/Personal/xc-mvp/node_modules/@rnmapbox/maps/android/src/main/java/com/rnmapbox/rnmbx/components/styles/RNMBXStyleFactory.kt:6363:39 This API is experimental. It may be changed in the future without notice.
w: file:///home/odin/Dungeon/Personal/xc-mvp/node_modules/@rnmapbox/maps/android/src/main/java/com/rnmapbox/rnmbx/components/styles/RNMBXStyleFactory.kt:6366:9 This API is experimental. It may be changed in the future without notice.
w: file:///home/odin/Dungeon/Personal/xc-mvp/node_modules/@rnmapbox/maps/android/src/main/java/com/rnmapbox/rnmbx/components/styles/RNMBXStyleFactory.kt:6366:15 This API is experimental. It may be changed in the future without notice.
w: file:///home/odin/Dungeon/Personal/xc-mvp/node_modules/@rnmapbox/maps/android/src/main/java/com/rnmapbox/rnmbx/components/styles/RNMBXStyleFactory.kt:6370:31 This API is experimental. It may be changed in the future without notice.
w: file:///home/odin/Dungeon/Personal/xc-mvp/node_modules/@rnmapbox/maps/android/src/main/java/com/rnmapbox/rnmbx/components/styles/RNMBXStyleFactory.kt:6374:11 This API is experimental. It may be changed in the future without notice.
w: file:///home/odin/Dungeon/Personal/xc-mvp/node_modules/@rnmapbox/maps/android/src/main/java/com/rnmapbox/rnmbx/components/styles/RNMBXStyleFactory.kt:6374:17 This API is experimental. It may be changed in the future without notice.
w: file:///home/odin/Dungeon/Personal/xc-mvp/node_modules/@rnmapbox/maps/android/src/main/java/com/rnmapbox/rnmbx/components/styles/RNMBXStyleFactory.kt:6380:15 Condition is always 'true'.
w: file:///home/odin/Dungeon/Personal/xc-mvp/node_modules/@rnmapbox/maps/android/src/main/java/com/rnmapbox/rnmbx/components/styles/RNMBXStyleFactory.kt:6381:13 This API is experimental. It may be changed in the future without notice.
w: file:///home/odin/Dungeon/Personal/xc-mvp/node_modules/@rnmapbox/maps/android/src/main/java/com/rnmapbox/rnmbx/components/styles/RNMBXStyleFactory.kt:6381:19 This API is experimental. It may be changed in the future without notice.
w: file:///home/odin/Dungeon/Personal/xc-mvp/node_modules/@rnmapbox/maps/android/src/main/java/com/rnmapbox/rnmbx/components/styles/RNMBXStyleFactory.kt:6389:41 This API is experimental. It may be changed in the future without notice.
w: file:///home/odin/Dungeon/Personal/xc-mvp/node_modules/@rnmapbox/maps/android/src/main/java/com/rnmapbox/rnmbx/components/styles/RNMBXStyleFactory.kt:6392:9 This API is experimental. It may be changed in the future without notice.
w: file:///home/odin/Dungeon/Personal/xc-mvp/node_modules/@rnmapbox/maps/android/src/main/java/com/rnmapbox/rnmbx/components/styles/RNMBXStyleFactory.kt:6392:15 This API is experimental. It may be changed in the future without notice.
w: file:///home/odin/Dungeon/Personal/xc-mvp/node_modules/@rnmapbox/maps/android/src/main/java/com/rnmapbox/rnmbx/components/styles/RNMBXStyleFactory.kt:6396:38 This API is experimental. It may be changed in the future without notice.
w: file:///home/odin/Dungeon/Personal/xc-mvp/node_modules/@rnmapbox/maps/android/src/main/java/com/rnmapbox/rnmbx/components/styles/RNMBXStyleFactory.kt:6400:11 This API is experimental. It may be changed in the future without notice.
w: file:///home/odin/Dungeon/Personal/xc-mvp/node_modules/@rnmapbox/maps/android/src/main/java/com/rnmapbox/rnmbx/components/styles/RNMBXStyleFactory.kt:6400:17 This API is experimental. It may be changed in the future without notice.
w: file:///home/odin/Dungeon/Personal/xc-mvp/node_modules/@rnmapbox/maps/android/src/main/java/com/rnmapbox/rnmbx/components/styles/RNMBXStyleFactory.kt:6406:15 Condition is always 'true'.
w: file:///home/odin/Dungeon/Personal/xc-mvp/node_modules/@rnmapbox/maps/android/src/main/java/com/rnmapbox/rnmbx/components/styles/RNMBXStyleFactory.kt:6407:13 This API is experimental. It may be changed in the future without notice.
w: file:///home/odin/Dungeon/Personal/xc-mvp/node_modules/@rnmapbox/maps/android/src/main/java/com/rnmapbox/rnmbx/components/styles/RNMBXStyleFactory.kt:6407:19 This API is experimental. It may be changed in the future without notice.
w: file:///home/odin/Dungeon/Personal/xc-mvp/node_modules/@rnmapbox/maps/android/src/main/java/com/rnmapbox/rnmbx/components/styles/RNMBXStyleFactory.kt:6415:48 This API is experimental. It may be changed in the future without notice.
w: file:///home/odin/Dungeon/Personal/xc-mvp/node_modules/@rnmapbox/maps/android/src/main/java/com/rnmapbox/rnmbx/components/styles/RNMBXStyleFactory.kt:6418:9 This API is experimental. It may be changed in the future without notice.
w: file:///home/odin/Dungeon/Personal/xc-mvp/node_modules/@rnmapbox/maps/android/src/main/java/com/rnmapbox/rnmbx/components/styles/RNMBXStyleFactory.kt:6418:15 This API is experimental. It may be changed in the future without notice.
w: file:///home/odin/Dungeon/Personal/xc-mvp/node_modules/@rnmapbox/maps/android/src/main/java/com/rnmapbox/rnmbx/components/styles/RNMBXStyleFactory.kt:6432:15 Condition is always 'true'.
w: file:///home/odin/Dungeon/Personal/xc-mvp/node_modules/@rnmapbox/maps/android/src/main/java/com/rnmapbox/rnmbx/components/styles/RNMBXStyleImport.kt:30:37 'fun getMapboxMap(): MapboxMap' is deprecated. This method is deprecated, and will be removed in next major release. Use [mapboxMap] property instead.
w: file:///home/odin/Dungeon/Personal/xc-mvp/node_modules/@rnmapbox/maps/android/src/main/java/com/rnmapbox/rnmbx/components/styles/RNMBXStyleImport.kt:30:52 'fun getStyle(): Style?' is deprecated. This method is deprecated, and will be removed in next major release. Use [style] property instead.
w: file:///home/odin/Dungeon/Personal/xc-mvp/node_modules/@rnmapbox/maps/android/src/main/java/com/rnmapbox/rnmbx/components/styles/RNMBXStyleImportManager.kt:7:8 'object MapBuilder : Any' is deprecated. Use Kotlin's built-in collections extensions.
w: file:///home/odin/Dungeon/Personal/xc-mvp/node_modules/@rnmapbox/maps/android/src/main/java/com/rnmapbox/rnmbx/components/styles/RNMBXStyleImportManager.kt:29:16 'object MapBuilder : Any' is deprecated. Use Kotlin's built-in collections extensions.
w: file:///home/odin/Dungeon/Personal/xc-mvp/node_modules/@rnmapbox/maps/android/src/main/java/com/rnmapbox/rnmbx/components/styles/layers/RNMBXLayer.kt:273:20 Unchecked cast of 'Layer?' to 'T? (of class RNMBXLayer<T : Layer?>)'.
w: file:///home/odin/Dungeon/Personal/xc-mvp/node_modules/@rnmapbox/maps/android/src/main/java/com/rnmapbox/rnmbx/components/styles/light/RNMBXLight.kt:49:23 'fun getStyle(): Style?' is deprecated. This method is deprecated, and will be removed in next major release. Use [style] property instead.
w: file:///home/odin/Dungeon/Personal/xc-mvp/node_modules/@rnmapbox/maps/android/src/main/java/com/rnmapbox/rnmbx/components/styles/model/RNMBXModels.kt:24:28 'fun getMapboxMap(): MapboxMap' is deprecated. This method is deprecated, and will be removed in next major release. Use [mapboxMap] property instead.
w: file:///home/odin/Dungeon/Personal/xc-mvp/node_modules/@rnmapbox/maps/android/src/main/java/com/rnmapbox/rnmbx/components/styles/model/RNMBXModels.kt:24:44 'fun getStyle(): Style?' is deprecated. This method is deprecated, and will be removed in next major release. Use [style] property instead.
w: file:///home/odin/Dungeon/Personal/xc-mvp/node_modules/@rnmapbox/maps/android/src/main/java/com/rnmapbox/rnmbx/components/styles/model/RNMBXModels.kt:29:23 This API is experimental. It may be changed in the future without notice.
w: file:///home/odin/Dungeon/Personal/xc-mvp/node_modules/@rnmapbox/maps/android/src/main/java/com/rnmapbox/rnmbx/components/styles/rain/RNMBXRain.kt:17:26 This API is experimental. It may be changed in the future without notice.
w: file:///home/odin/Dungeon/Personal/xc-mvp/node_modules/@rnmapbox/maps/android/src/main/java/com/rnmapbox/rnmbx/components/styles/rain/RNMBXRain.kt:28:13 This API is experimental. It may be changed in the future without notice.
w: file:///home/odin/Dungeon/Personal/xc-mvp/node_modules/@rnmapbox/maps/android/src/main/java/com/rnmapbox/rnmbx/components/styles/rain/RNMBXRain.kt:38:20 This API is experimental. It may be changed in the future without notice.
w: file:///home/odin/Dungeon/Personal/xc-mvp/node_modules/@rnmapbox/maps/android/src/main/java/com/rnmapbox/rnmbx/components/styles/rain/RNMBXRain.kt:39:9 This API is experimental. It may be changed in the future without notice.
w: file:///home/odin/Dungeon/Personal/xc-mvp/node_modules/@rnmapbox/maps/android/src/main/java/com/rnmapbox/rnmbx/components/styles/rain/RNMBXRain.kt:39:17 This API is experimental. It may be changed in the future without notice.
w: file:///home/odin/Dungeon/Personal/xc-mvp/node_modules/@rnmapbox/maps/android/src/main/java/com/rnmapbox/rnmbx/components/styles/rain/RNMBXRain.kt:41:35 This API is experimental. It may be changed in the future without notice.
w: file:///home/odin/Dungeon/Personal/xc-mvp/node_modules/@rnmapbox/maps/android/src/main/java/com/rnmapbox/rnmbx/components/styles/rain/RNMBXRain.kt:41:40 This API is experimental. It may be changed in the future without notice.
w: file:///home/odin/Dungeon/Personal/xc-mvp/node_modules/@rnmapbox/maps/android/src/main/java/com/rnmapbox/rnmbx/components/styles/rain/RNMBXRain.kt:61:38 This API is experimental. It may be changed in the future without notice.
w: file:///home/odin/Dungeon/Personal/xc-mvp/node_modules/@rnmapbox/maps/android/src/main/java/com/rnmapbox/rnmbx/components/styles/rain/RNMBXRain.kt:62:9 This API is experimental. It may be changed in the future without notice.
w: file:///home/odin/Dungeon/Personal/xc-mvp/node_modules/@rnmapbox/maps/android/src/main/java/com/rnmapbox/rnmbx/components/styles/rain/RNMBXRain.kt:67:21 This API is experimental. It may be changed in the future without notice.
w: file:///home/odin/Dungeon/Personal/xc-mvp/node_modules/@rnmapbox/maps/android/src/main/java/com/rnmapbox/rnmbx/components/styles/rain/RNMBXRain.kt:68:16 This API is experimental. It may be changed in the future without notice.
w: file:///home/odin/Dungeon/Personal/xc-mvp/node_modules/@rnmapbox/maps/android/src/main/java/com/rnmapbox/rnmbx/components/styles/rain/RNMBXRain.kt:72:9 This API is experimental. It may be changed in the future without notice.
w: file:///home/odin/Dungeon/Personal/xc-mvp/node_modules/@rnmapbox/maps/android/src/main/java/com/rnmapbox/rnmbx/components/styles/rain/RNMBXRain.kt:72:16 This API is experimental. It may be changed in the future without notice.
w: file:///home/odin/Dungeon/Personal/xc-mvp/node_modules/@rnmapbox/maps/android/src/main/java/com/rnmapbox/rnmbx/components/styles/rain/RNMBXRain.kt:73:31 This API is experimental. It may be changed in the future without notice.
w: file:///home/odin/Dungeon/Personal/xc-mvp/node_modules/@rnmapbox/maps/android/src/main/java/com/rnmapbox/rnmbx/components/styles/rain/RNMBXRain.kt:74:17 This API is experimental. It may be changed in the future without notice.
w: file:///home/odin/Dungeon/Personal/xc-mvp/node_modules/@rnmapbox/maps/android/src/main/java/com/rnmapbox/rnmbx/components/styles/snow/RNMBXSnow.kt:17:26 This API is experimental. It may be changed in the future without notice.
w: file:///home/odin/Dungeon/Personal/xc-mvp/node_modules/@rnmapbox/maps/android/src/main/java/com/rnmapbox/rnmbx/components/styles/snow/RNMBXSnow.kt:28:13 This API is experimental. It may be changed in the future without notice.
w: file:///home/odin/Dungeon/Personal/xc-mvp/node_modules/@rnmapbox/maps/android/src/main/java/com/rnmapbox/rnmbx/components/styles/snow/RNMBXSnow.kt:37:20 This API is experimental. It may be changed in the future without notice.
w: file:///home/odin/Dungeon/Personal/xc-mvp/node_modules/@rnmapbox/maps/android/src/main/java/com/rnmapbox/rnmbx/components/styles/snow/RNMBXSnow.kt:38:9 This API is experimental. It may be changed in the future without notice.
w: file:///home/odin/Dungeon/Personal/xc-mvp/node_modules/@rnmapbox/maps/android/src/main/java/com/rnmapbox/rnmbx/components/styles/snow/RNMBXSnow.kt:38:17 This API is experimental. It may be changed in the future without notice.
w: file:///home/odin/Dungeon/Personal/xc-mvp/node_modules/@rnmapbox/maps/android/src/main/java/com/rnmapbox/rnmbx/components/styles/snow/RNMBXSnow.kt:40:35 This API is experimental. It may be changed in the future without notice.
w: file:///home/odin/Dungeon/Personal/xc-mvp/node_modules/@rnmapbox/maps/android/src/main/java/com/rnmapbox/rnmbx/components/styles/snow/RNMBXSnow.kt:40:40 This API is experimental. It may be changed in the future without notice.
w: file:///home/odin/Dungeon/Personal/xc-mvp/node_modules/@rnmapbox/maps/android/src/main/java/com/rnmapbox/rnmbx/components/styles/snow/RNMBXSnow.kt:44:38 This API is experimental. It may be changed in the future without notice.
w: file:///home/odin/Dungeon/Personal/xc-mvp/node_modules/@rnmapbox/maps/android/src/main/java/com/rnmapbox/rnmbx/components/styles/snow/RNMBXSnow.kt:45:9 This API is experimental. It may be changed in the future without notice.
w: file:///home/odin/Dungeon/Personal/xc-mvp/node_modules/@rnmapbox/maps/android/src/main/java/com/rnmapbox/rnmbx/components/styles/snow/RNMBXSnow.kt:50:21 This API is experimental. It may be changed in the future without notice.
w: file:///home/odin/Dungeon/Personal/xc-mvp/node_modules/@rnmapbox/maps/android/src/main/java/com/rnmapbox/rnmbx/components/styles/snow/RNMBXSnow.kt:51:16 This API is experimental. It may be changed in the future without notice.
w: file:///home/odin/Dungeon/Personal/xc-mvp/node_modules/@rnmapbox/maps/android/src/main/java/com/rnmapbox/rnmbx/components/styles/snow/RNMBXSnow.kt:55:9 This API is experimental. It may be changed in the future without notice.
w: file:///home/odin/Dungeon/Personal/xc-mvp/node_modules/@rnmapbox/maps/android/src/main/java/com/rnmapbox/rnmbx/components/styles/snow/RNMBXSnow.kt:55:16 This API is experimental. It may be changed in the future without notice.
w: file:///home/odin/Dungeon/Personal/xc-mvp/node_modules/@rnmapbox/maps/android/src/main/java/com/rnmapbox/rnmbx/components/styles/snow/RNMBXSnow.kt:56:31 This API is experimental. It may be changed in the future without notice.
w: file:///home/odin/Dungeon/Personal/xc-mvp/node_modules/@rnmapbox/maps/android/src/main/java/com/rnmapbox/rnmbx/components/styles/snow/RNMBXSnow.kt:57:17 This API is experimental. It may be changed in the future without notice.
w: file:///home/odin/Dungeon/Personal/xc-mvp/node_modules/@rnmapbox/maps/android/src/main/java/com/rnmapbox/rnmbx/components/styles/sources/RNMBXImageSource.kt:31:26 The corresponding parameter in the supertype 'RNMBXImageSource' is named 'event'. This may cause problems when calling this function with named arguments.
w: file:///home/odin/Dungeon/Personal/xc-mvp/node_modules/@rnmapbox/maps/android/src/main/java/com/rnmapbox/rnmbx/components/styles/sources/RNMBXImageSource.kt:40:46 'fun getInstance(): ResourceDrawableIdHelper' is deprecated. Use .instance instead, this API is for backward compat.
w: file:///home/odin/Dungeon/Personal/xc-mvp/node_modules/@rnmapbox/maps/android/src/main/java/com/rnmapbox/rnmbx/components/styles/sources/RNMBXImageSource.kt:51:28 Java type mismatch: inferred type is 'String?', but 'String' was expected.
w: file:///home/odin/Dungeon/Personal/xc-mvp/node_modules/@rnmapbox/maps/android/src/main/java/com/rnmapbox/rnmbx/components/styles/sources/RNMBXImageSource.kt:62:28 Java type mismatch: inferred type is 'String?', but 'String' was expected.
w: file:///home/odin/Dungeon/Personal/xc-mvp/node_modules/@rnmapbox/maps/android/src/main/java/com/rnmapbox/rnmbx/components/styles/sources/RNMBXImageSourceManager.kt:27:29 The corresponding parameter in the supertype 'RNMBXImageSourceManager' is named 'parent'. This may cause problems when calling this function with named arguments.
w: file:///home/odin/Dungeon/Personal/xc-mvp/node_modules/@rnmapbox/maps/android/src/main/java/com/rnmapbox/rnmbx/components/styles/sources/RNMBXImageSourceManager.kt:27:55 The corresponding parameter in the supertype 'RNMBXImageSourceManager' is named 'index'. This may cause problems when calling this function with named arguments.
w: file:///home/odin/Dungeon/Personal/xc-mvp/node_modules/@rnmapbox/maps/android/src/main/java/com/rnmapbox/rnmbx/components/styles/sources/RNMBXImageSourceManager.kt:31:32 The corresponding parameter in the supertype 'RNMBXImageSourceManager' is named 'parent'. This may cause problems when calling this function with named arguments.
w: file:///home/odin/Dungeon/Personal/xc-mvp/node_modules/@rnmapbox/maps/android/src/main/java/com/rnmapbox/rnmbx/components/styles/sources/RNMBXImageSourceManager.kt:35:26 The corresponding parameter in the supertype 'RNMBXImageSourceManager' is named 'parent'. This may cause problems when calling this function with named arguments.
w: file:///home/odin/Dungeon/Personal/xc-mvp/node_modules/@rnmapbox/maps/android/src/main/java/com/rnmapbox/rnmbx/components/styles/sources/RNMBXImageSourceManager.kt:35:52 The corresponding parameter in the supertype 'RNMBXImageSourceManager' is named 'child'. This may cause problems when calling this function with named arguments.
w: file:///home/odin/Dungeon/Personal/xc-mvp/node_modules/@rnmapbox/maps/android/src/main/java/com/rnmapbox/rnmbx/components/styles/sources/RNMBXImageSourceManager.kt:35:69 The corresponding parameter in the supertype 'RNMBXImageSourceManager' is named 'index'. This may cause problems when calling this function with named arguments.
w: file:///home/odin/Dungeon/Personal/xc-mvp/node_modules/@rnmapbox/maps/android/src/main/java/com/rnmapbox/rnmbx/components/styles/sources/RNMBXImageSourceManager.kt:39:31 The corresponding parameter in the supertype 'RNMBXImageSourceManager' is named 'parent'. This may cause problems when calling this function with named arguments.
w: file:///home/odin/Dungeon/Personal/xc-mvp/node_modules/@rnmapbox/maps/android/src/main/java/com/rnmapbox/rnmbx/components/styles/sources/RNMBXImageSourceManager.kt:39:57 The corresponding parameter in the supertype 'RNMBXImageSourceManager' is named 'index'. This may cause problems when calling this function with named arguments.
w: file:///home/odin/Dungeon/Personal/xc-mvp/node_modules/@rnmapbox/maps/android/src/main/java/com/rnmapbox/rnmbx/components/styles/sources/RNMBXRasterDemSource.kt:38:27 'fun getStyle(): Style?' is deprecated. This method is deprecated, and will be removed in next major release. Use [style] property instead.
w: file:///home/odin/Dungeon/Personal/xc-mvp/node_modules/@rnmapbox/maps/android/src/main/java/com/rnmapbox/rnmbx/components/styles/sources/RNMBXRasterDemSourceManager.kt:5:8 'object MapBuilder : Any' is deprecated. Use Kotlin's built-in collections extensions.
w: file:///home/odin/Dungeon/Personal/xc-mvp/node_modules/@rnmapbox/maps/android/src/main/java/com/rnmapbox/rnmbx/components/styles/sources/RNMBXRasterDemSourceManager.kt:24:16 'object MapBuilder : Any' is deprecated. Use Kotlin's built-in collections extensions.
w: file:///home/odin/Dungeon/Personal/xc-mvp/node_modules/@rnmapbox/maps/android/src/main/java/com/rnmapbox/rnmbx/components/styles/sources/RNMBXRasterSource.kt:26:26 The corresponding parameter in the supertype 'RNMBXRasterSource' is named 'event'. This may cause problems when calling this function with named arguments.
w: file:///home/odin/Dungeon/Personal/xc-mvp/node_modules/@rnmapbox/maps/android/src/main/java/com/rnmapbox/rnmbx/components/styles/sources/RNMBXShapeSource.kt:101:37 'fun getStyle(): Style?' is deprecated. This method is deprecated, and will be removed in next major release. Use [style] property instead.
w: file:///home/odin/Dungeon/Personal/xc-mvp/node_modules/@rnmapbox/maps/android/src/main/java/com/rnmapbox/rnmbx/components/styles/sources/RNMBXShapeSource.kt:128:27 'fun getStyle(): Style?' is deprecated. This method is deprecated, and will be removed in next major release. Use [style] property instead.
w: file:///home/odin/Dungeon/Personal/xc-mvp/node_modules/@rnmapbox/maps/android/src/main/java/com/rnmapbox/rnmbx/components/styles/sources/RNMBXShapeSource.kt:149:33 'fun getStyle(): Style?' is deprecated. This method is deprecated, and will be removed in next major release. Use [style] property instead.
w: file:///home/odin/Dungeon/Personal/xc-mvp/node_modules/@rnmapbox/maps/android/src/main/java/com/rnmapbox/rnmbx/components/styles/sources/RNMBXShapeSourceManager.kt:43:29 The corresponding parameter in the supertype 'RNMBXShapeSourceManager' is named 'parent'. This may cause problems when calling this function with named arguments.
w: file:///home/odin/Dungeon/Personal/xc-mvp/node_modules/@rnmapbox/maps/android/src/main/java/com/rnmapbox/rnmbx/components/styles/sources/RNMBXShapeSourceManager.kt:43:55 The corresponding parameter in the supertype 'RNMBXShapeSourceManager' is named 'index'. This may cause problems when calling this function with named arguments.
w: file:///home/odin/Dungeon/Personal/xc-mvp/node_modules/@rnmapbox/maps/android/src/main/java/com/rnmapbox/rnmbx/components/styles/sources/RNMBXShapeSourceManager.kt:47:32 The corresponding parameter in the supertype 'RNMBXShapeSourceManager' is named 'parent'. This may cause problems when calling this function with named arguments.
w: file:///home/odin/Dungeon/Personal/xc-mvp/node_modules/@rnmapbox/maps/android/src/main/java/com/rnmapbox/rnmbx/components/styles/sources/RNMBXShapeSourceManager.kt:51:26 The corresponding parameter in the supertype 'RNMBXShapeSourceManager' is named 'parent'. This may cause problems when calling this function with named arguments.
w: file:///home/odin/Dungeon/Personal/xc-mvp/node_modules/@rnmapbox/maps/android/src/main/java/com/rnmapbox/rnmbx/components/styles/sources/RNMBXShapeSourceManager.kt:51:52 The corresponding parameter in the supertype 'RNMBXShapeSourceManager' is named 'child'. This may cause problems when calling this function with named arguments.
w: file:///home/odin/Dungeon/Personal/xc-mvp/node_modules/@rnmapbox/maps/android/src/main/java/com/rnmapbox/rnmbx/components/styles/sources/RNMBXShapeSourceManager.kt:51:69 The corresponding parameter in the supertype 'RNMBXShapeSourceManager' is named 'index'. This may cause problems when calling this function with named arguments.
w: file:///home/odin/Dungeon/Personal/xc-mvp/node_modules/@rnmapbox/maps/android/src/main/java/com/rnmapbox/rnmbx/components/styles/sources/RNMBXShapeSourceManager.kt:55:31 The corresponding parameter in the supertype 'RNMBXShapeSourceManager' is named 'parent'. This may cause problems when calling this function with named arguments.
w: file:///home/odin/Dungeon/Personal/xc-mvp/node_modules/@rnmapbox/maps/android/src/main/java/com/rnmapbox/rnmbx/components/styles/sources/RNMBXShapeSourceManager.kt:55:57 The corresponding parameter in the supertype 'RNMBXShapeSourceManager' is named 'index'. This may cause problems when calling this function with named arguments.
w: file:///home/odin/Dungeon/Personal/xc-mvp/node_modules/@rnmapbox/maps/android/src/main/java/com/rnmapbox/rnmbx/components/styles/sources/RNMBXSource.kt:11:8 'object MapBuilder : Any' is deprecated. Use Kotlin's built-in collections extensions.
w: file:///home/odin/Dungeon/Personal/xc-mvp/node_modules/@rnmapbox/maps/android/src/main/java/com/rnmapbox/rnmbx/components/styles/sources/RNMBXSource.kt:73:20 Unchecked cast of 'Source?' to 'T? (of class RNMBXSource<T : Source?>)'.
w: file:///home/odin/Dungeon/Personal/xc-mvp/node_modules/@rnmapbox/maps/android/src/main/java/com/rnmapbox/rnmbx/components/styles/sources/RNMBXSource.kt:100:17 'object MapBuilder : Any' is deprecated. Use Kotlin's built-in collections extensions.
w: file:///home/odin/Dungeon/Personal/xc-mvp/node_modules/@rnmapbox/maps/android/src/main/java/com/rnmapbox/rnmbx/components/styles/sources/RNMBXSource.kt:143:25 'fun getStyle(): Style?' is deprecated. This method is deprecated, and will be removed in next major release. Use [style] property instead.
w: file:///home/odin/Dungeon/Personal/xc-mvp/node_modules/@rnmapbox/maps/android/src/main/java/com/rnmapbox/rnmbx/components/styles/sources/RNMBXSource.kt:166:55 'fun getStyle(): Style?' is deprecated. This method is deprecated, and will be removed in next major release. Use [style] property instead.
w: file:///home/odin/Dungeon/Personal/xc-mvp/node_modules/@rnmapbox/maps/android/src/main/java/com/rnmapbox/rnmbx/components/styles/sources/RNMBXSource.kt:168:33 'fun getStyle(): Style?' is deprecated. This method is deprecated, and will be removed in next major release. Use [style] property instead.
w: file:///home/odin/Dungeon/Personal/xc-mvp/node_modules/@rnmapbox/maps/android/src/main/java/com/rnmapbox/rnmbx/components/styles/sources/RNMBXTileSourceManager.kt:14:29 The corresponding parameter in the supertype 'RNMBXTileSourceManager' is named 'parent'. This may cause problems when calling this function with named arguments.
w: file:///home/odin/Dungeon/Personal/xc-mvp/node_modules/@rnmapbox/maps/android/src/main/java/com/rnmapbox/rnmbx/components/styles/sources/RNMBXTileSourceManager.kt:14:40 The corresponding parameter in the supertype 'RNMBXTileSourceManager' is named 'index'. This may cause problems when calling this function with named arguments.
w: file:///home/odin/Dungeon/Personal/xc-mvp/node_modules/@rnmapbox/maps/android/src/main/java/com/rnmapbox/rnmbx/components/styles/sources/RNMBXTileSourceManager.kt:18:32 The corresponding parameter in the supertype 'RNMBXTileSourceManager' is named 'parent'. This may cause problems when calling this function with named arguments.
w: file:///home/odin/Dungeon/Personal/xc-mvp/node_modules/@rnmapbox/maps/android/src/main/java/com/rnmapbox/rnmbx/components/styles/sources/RNMBXTileSourceManager.kt:22:26 The corresponding parameter in the supertype 'RNMBXTileSourceManager' is named 'parent'. This may cause problems when calling this function with named arguments.
w: file:///home/odin/Dungeon/Personal/xc-mvp/node_modules/@rnmapbox/maps/android/src/main/java/com/rnmapbox/rnmbx/components/styles/sources/RNMBXTileSourceManager.kt:22:37 The corresponding parameter in the supertype 'RNMBXTileSourceManager' is named 'child'. This may cause problems when calling this function with named arguments.
w: file:///home/odin/Dungeon/Personal/xc-mvp/node_modules/@rnmapbox/maps/android/src/main/java/com/rnmapbox/rnmbx/components/styles/sources/RNMBXTileSourceManager.kt:22:54 The corresponding parameter in the supertype 'RNMBXTileSourceManager' is named 'index'. This may cause problems when calling this function with named arguments.
w: file:///home/odin/Dungeon/Personal/xc-mvp/node_modules/@rnmapbox/maps/android/src/main/java/com/rnmapbox/rnmbx/components/styles/sources/RNMBXTileSourceManager.kt:26:31 The corresponding parameter in the supertype 'RNMBXTileSourceManager' is named 'parent'. This may cause problems when calling this function with named arguments.
w: file:///home/odin/Dungeon/Personal/xc-mvp/node_modules/@rnmapbox/maps/android/src/main/java/com/rnmapbox/rnmbx/components/styles/sources/RNMBXTileSourceManager.kt:26:42 The corresponding parameter in the supertype 'RNMBXTileSourceManager' is named 'index'. This may cause problems when calling this function with named arguments.
w: file:///home/odin/Dungeon/Personal/xc-mvp/node_modules/@rnmapbox/maps/android/src/main/java/com/rnmapbox/rnmbx/components/styles/sources/RNMBXVectorSource.kt:26:31 Condition is always 'false'.
w: file:///home/odin/Dungeon/Personal/xc-mvp/node_modules/@rnmapbox/maps/android/src/main/java/com/rnmapbox/rnmbx/components/styles/sources/RNMBXVectorSource.kt:35:27 'fun getStyle(): Style?' is deprecated. This method is deprecated, and will be removed in next major release. Use [style] property instead.
w: file:///home/odin/Dungeon/Personal/xc-mvp/node_modules/@rnmapbox/maps/android/src/main/java/com/rnmapbox/rnmbx/components/styles/sources/RNMBXVectorSourceManager.kt:5:8 'object MapBuilder : Any' is deprecated. Use Kotlin's built-in collections extensions.
w: file:///home/odin/Dungeon/Personal/xc-mvp/node_modules/@rnmapbox/maps/android/src/main/java/com/rnmapbox/rnmbx/location/LocationManager.kt:231:25 Condition is always 'false'.
w: file:///home/odin/Dungeon/Personal/xc-mvp/node_modules/@rnmapbox/maps/android/src/main/java/com/rnmapbox/rnmbx/location/LocationManager.kt:255:28 The corresponding parameter in the supertype 'LocationEngineCallback' is named 'e'. This may cause problems when calling this function with named arguments.
w: file:///home/odin/Dungeon/Personal/xc-mvp/node_modules/@rnmapbox/maps/android/src/main/java/com/rnmapbox/rnmbx/location/LocationManager.kt:259:28 The corresponding parameter in the supertype 'LocationEngineCallback' is named 'locationEngineResult'. This may cause problems when calling this function with named arguments.
w: file:///home/odin/Dungeon/Personal/xc-mvp/node_modules/@rnmapbox/maps/android/src/main/java/com/rnmapbox/rnmbx/modules/RNMBXModule.kt:17:8 'object MapBuilder : Any' is deprecated. Use Kotlin's built-in collections extensions.
w: file:///home/odin/Dungeon/Personal/xc-mvp/node_modules/@rnmapbox/maps/android/src/main/java/com/rnmapbox/rnmbx/modules/RNMBXModule.kt:116:16 'object MapBuilder : Any' is deprecated. Use Kotlin's built-in collections extensions.
w: file:///home/odin/Dungeon/Personal/xc-mvp/node_modules/@rnmapbox/maps/android/src/main/java/com/rnmapbox/rnmbx/modules/RNMBXOfflineModule.kt:598:32 Java type mismatch: inferred type is 'String?', but 'String' was expected.
w: file:///home/odin/Dungeon/Personal/xc-mvp/node_modules/@rnmapbox/maps/android/src/main/java/com/rnmapbox/rnmbx/modules/RNMBXOfflineModuleLegacy.kt:19:8 'class OfflineRegion : Any' is deprecated. Deprecated in Java.
w: file:///home/odin/Dungeon/Personal/xc-mvp/node_modules/@rnmapbox/maps/android/src/main/java/com/rnmapbox/rnmbx/modules/RNMBXOfflineModuleLegacy.kt:20:8 'interface OfflineRegionCallback : Any' is deprecated. Deprecated in Java.
w: file:///home/odin/Dungeon/Personal/xc-mvp/node_modules/@rnmapbox/maps/android/src/main/java/com/rnmapbox/rnmbx/modules/RNMBXOfflineModuleLegacy.kt:21:8 'interface OfflineRegionCreateCallback : Any' is deprecated. Deprecated in Java.
w: file:///home/odin/Dungeon/Personal/xc-mvp/node_modules/@rnmapbox/maps/android/src/main/java/com/rnmapbox/rnmbx/modules/RNMBXOfflineModuleLegacy.kt:22:8 'enum class OfflineRegionDownloadState : Enum<OfflineRegionDownloadState!>' is deprecated. Deprecated in Java.
w: file:///home/odin/Dungeon/Personal/xc-mvp/node_modules/@rnmapbox/maps/android/src/main/java/com/rnmapbox/rnmbx/modules/RNMBXOfflineModuleLegacy.kt:23:8 'class OfflineRegionManager : Any' is deprecated. Deprecated in Java.
w: file:///home/odin/Dungeon/Personal/xc-mvp/node_modules/@rnmapbox/maps/android/src/main/java/com/rnmapbox/rnmbx/modules/RNMBXOfflineModuleLegacy.kt:24:8 'class OfflineRegionStatus : Any, Serializable' is deprecated. Deprecated in Java.
w: file:///home/odin/Dungeon/Personal/xc-mvp/node_modules/@rnmapbox/maps/android/src/main/java/com/rnmapbox/rnmbx/modules/RNMBXOfflineModuleLegacy.kt:25:8 'class OfflineRegionTilePyramidDefinition : Any, Serializable' is deprecated. Deprecated in Java.
w: file:///home/odin/Dungeon/Personal/xc-mvp/node_modules/@rnmapbox/maps/android/src/main/java/com/rnmapbox/rnmbx/modules/RNMBXOfflineModuleLegacy.kt:58:31 'class OfflineRegionManager : Any' is deprecated. Deprecated in Java.
w: file:///home/odin/Dungeon/Personal/xc-mvp/node_modules/@rnmapbox/maps/android/src/main/java/com/rnmapbox/rnmbx/modules/RNMBXOfflineModuleLegacy.kt:67:8 'class OfflineRegionTilePyramidDefinition : Any, Serializable' is deprecated. Deprecated in Java.
w: file:///home/odin/Dungeon/Personal/xc-mvp/node_modules/@rnmapbox/maps/android/src/main/java/com/rnmapbox/rnmbx/modules/RNMBXOfflineModuleLegacy.kt:68:16 'class OfflineRegionTilePyramidDefinition : Any, Serializable' is deprecated. Deprecated in Java.
w: file:///home/odin/Dungeon/Personal/xc-mvp/node_modules/@rnmapbox/maps/android/src/main/java/com/rnmapbox/rnmbx/modules/RNMBXOfflineModuleLegacy.kt:92:76 'interface OfflineRegionCreateCallback : Any' is deprecated. Deprecated in Java.
w: file:///home/odin/Dungeon/Personal/xc-mvp/node_modules/@rnmapbox/maps/android/src/main/java/com/rnmapbox/rnmbx/modules/RNMBXOfflineModuleLegacy.kt:96:54 'enum class OfflineRegionDownloadState : Enum<OfflineRegionDownloadState!>' is deprecated. Deprecated in Java.
w: file:///home/odin/Dungeon/Personal/xc-mvp/node_modules/@rnmapbox/maps/android/src/main/java/com/rnmapbox/rnmbx/modules/RNMBXOfflineModuleLegacy.kt:114:43 'class OfflineRegion : Any' is deprecated. Deprecated in Java.
w: file:///home/odin/Dungeon/Personal/xc-mvp/node_modules/@rnmapbox/maps/android/src/main/java/com/rnmapbox/rnmbx/modules/RNMBXOfflineModuleLegacy.kt:139:28 Java type mismatch: inferred type is 'String?', but 'String' was expected.
w: file:///home/odin/Dungeon/Personal/xc-mvp/node_modules/@rnmapbox/maps/android/src/main/java/com/rnmapbox/rnmbx/modules/RNMBXOfflineModuleLegacy.kt:146:30 'class OfflineRegion : Any' is deprecated. Deprecated in Java.
w: file:///home/odin/Dungeon/Personal/xc-mvp/node_modules/@rnmapbox/maps/android/src/main/java/com/rnmapbox/rnmbx/modules/RNMBXOfflineModuleLegacy.kt:147:8 'class OfflineRegion : Any' is deprecated. Deprecated in Java.
w: file:///home/odin/Dungeon/Personal/xc-mvp/node_modules/@rnmapbox/maps/android/src/main/java/com/rnmapbox/rnmbx/modules/RNMBXOfflineModuleLegacy.kt:155:21 Condition is always 'true'.
w: file:///home/odin/Dungeon/Personal/xc-mvp/node_modules/@rnmapbox/maps/android/src/main/java/com/rnmapbox/rnmbx/modules/RNMBXOfflineModuleLegacy.kt:162:32 Java type mismatch: inferred type is 'String?', but 'String' was expected.
w: file:///home/odin/Dungeon/Personal/xc-mvp/node_modules/@rnmapbox/maps/android/src/main/java/com/rnmapbox/rnmbx/modules/RNMBXOfflineModuleLegacy.kt:168:62 'class OfflineRegionStatus : Any, Serializable' is deprecated. Deprecated in Java.
w: file:///home/odin/Dungeon/Personal/xc-mvp/node_modules/@rnmapbox/maps/android/src/main/java/com/rnmapbox/rnmbx/modules/RNMBXOfflineModuleLegacy.kt:202:29 'class OfflineRegionTilePyramidDefinition : Any, Serializable' is deprecated. Deprecated in Java.
w: file:///home/odin/Dungeon/Personal/xc-mvp/node_modules/@rnmapbox/maps/android/src/main/java/com/rnmapbox/rnmbx/modules/RNMBXOfflineModuleLegacy.kt:216:60 'interface OfflineRegionCallback : Any' is deprecated. Deprecated in Java.
w: file:///home/odin/Dungeon/Personal/xc-mvp/node_modules/@rnmapbox/maps/android/src/main/java/com/rnmapbox/rnmbx/modules/RNMBXOfflineModuleLegacy.kt:217:73 'class OfflineRegion : Any' is deprecated. Deprecated in Java.
w: file:///home/odin/Dungeon/Personal/xc-mvp/node_modules/@rnmapbox/maps/android/src/main/java/com/rnmapbox/rnmbx/modules/RNMBXOfflineModuleLegacy.kt:252:62 'enum class OfflineRegionDownloadState : Enum<OfflineRegionDownloadState!>' is deprecated. Deprecated in Java.
w: file:///home/odin/Dungeon/Personal/xc-mvp/node_modules/@rnmapbox/maps/android/src/main/java/com/rnmapbox/rnmbx/modules/RNMBXOfflineModuleLegacy.kt:343:62 'enum class OfflineRegionDownloadState : Enum<OfflineRegionDownloadState!>' is deprecated. Deprecated in Java.
w: file:///home/odin/Dungeon/Personal/xc-mvp/node_modules/@rnmapbox/maps/android/src/main/java/com/rnmapbox/rnmbx/modules/RNMBXOfflineModuleLegacy.kt:367:62 'enum class OfflineRegionDownloadState : Enum<OfflineRegionDownloadState!>' is deprecated. Deprecated in Java.
w: file:///home/odin/Dungeon/Personal/xc-mvp/node_modules/@rnmapbox/maps/android/src/main/java/com/rnmapbox/rnmbx/modules/RNMBXOfflineModuleLegacy.kt:397:66 'enum class OfflineRegionDownloadState : Enum<OfflineRegionDownloadState!>' is deprecated. Deprecated in Java.
w: file:///home/odin/Dungeon/Personal/xc-mvp/node_modules/@rnmapbox/maps/android/src/main/java/com/rnmapbox/rnmbx/modules/RNMBXOfflineModuleLegacy.kt:446:25 'fun reject(message: String): Unit' is deprecated. Prefer passing a module-specific error code to JS. Using this method will pass the
        error code EUNSPECIFIED.
w: file:///home/odin/Dungeon/Personal/xc-mvp/node_modules/@rnmapbox/maps/android/src/main/java/com/rnmapbox/rnmbx/modules/RNMBXOfflineModuleLegacy.kt:451:21 'fun reject(message: String): Unit' is deprecated. Prefer passing a module-specific error code to JS. Using this method will pass the
        error code EUNSPECIFIED.
w: file:///home/odin/Dungeon/Personal/xc-mvp/node_modules/@rnmapbox/maps/android/src/main/java/com/rnmapbox/rnmbx/modules/RNMBXSnapshotModule.kt:155:32 Java type mismatch: inferred type is 'String?', but 'String' was expected.
w: file:///home/odin/Dungeon/Personal/xc-mvp/node_modules/@rnmapbox/maps/android/src/main/java/com/rnmapbox/rnmbx/modules/RNMBXTileStoreModule.kt:24:17 'static fun create(p0: String): TileStore' is deprecated. Deprecated in Java.
w: file:///home/odin/Dungeon/Personal/xc-mvp/node_modules/@rnmapbox/maps/android/src/main/java/com/rnmapbox/rnmbx/modules/XCOfflineMapsModule.kt:124:33 'static fun create(p0: String): TileStore' is deprecated. Deprecated in Java.
w: file:///home/odin/Dungeon/Personal/xc-mvp/node_modules/@rnmapbox/maps/android/src/main/java/com/rnmapbox/rnmbx/modules/XCOfflineMapsModule.kt:126:50 'enum class TileStoreUsageMode : Enum<TileStoreUsageMode!>' is deprecated. Deprecated in Java.
w: file:///home/odin/Dungeon/Personal/xc-mvp/node_modules/@rnmapbox/maps/android/src/main/java/com/rnmapbox/rnmbx/shapeAnimators/RNMBXChangeLineOffsetsShapeAnimatorModule.kt:57:24 'fun coordinates(): (Mutable)List<Point!>' is deprecated. Deprecated in Java.
w: file:///home/odin/Dungeon/Personal/xc-mvp/node_modules/@rnmapbox/maps/android/src/main/java/com/rnmapbox/rnmbx/utils/BitmapUtils.kt:85:28 Java type mismatch: inferred type is 'String?', but 'String' was expected.
w: file:///home/odin/Dungeon/Personal/xc-mvp/node_modules/@rnmapbox/maps/android/src/main/java/com/rnmapbox/rnmbx/utils/BitmapUtils.kt:143:28 Java type mismatch: inferred type is 'String?', but 'String' was expected.
w: file:///home/odin/Dungeon/Personal/xc-mvp/node_modules/@rnmapbox/maps/android/src/main/java/com/rnmapbox/rnmbx/utils/DownloadMapImageTask.kt:50:18 This declaration needs opt-in. Its usage should be marked with '@kotlinx.coroutines.ExperimentalCoroutinesApi' or '@OptIn(kotlinx.coroutines.ExperimentalCoroutinesApi::class)'
w: file:///home/odin/Dungeon/Personal/xc-mvp/node_modules/@rnmapbox/maps/android/src/main/java/com/rnmapbox/rnmbx/utils/DownloadMapImageTask.kt:84:49 'fun getStyle(): Style?' is deprecated. This method is deprecated, and will be removed in next major release. Use [style] property instead.
w: file:///home/odin/Dungeon/Personal/xc-mvp/node_modules/@rnmapbox/maps/android/src/main/java/com/rnmapbox/rnmbx/utils/GeoJSONUtils.kt:45:67 'fun coordinates(): (Mutable)List<Point!>' is deprecated. Deprecated in Java.
w: file:///home/odin/Dungeon/Personal/xc-mvp/node_modules/@rnmapbox/maps/android/src/main/java/com/rnmapbox/rnmbx/utils/ViewTagResolver.kt:28:25 Unchecked cast of 'View' to 'V (of fun <V> addWaiter)'.
w: file:///home/odin/Dungeon/Personal/xc-mvp/node_modules/@rnmapbox/maps/android/src/main/java/com/rnmapbox/rnmbx/utils/ViewTagResolver.kt:68:41 Unchecked cast of 'View?' to 'V (of fun <V> withViewResolved)'.
w: file:///home/odin/Dungeon/Personal/xc-mvp/node_modules/@rnmapbox/maps/android/src/main/java/com/rnmapbox/rnmbx/utils/writeableMapArrayOf.kt:47:13 Expression under 'when' is never equal to null.
w: file:///home/odin/Dungeon/Personal/xc-mvp/node_modules/@rnmapbox/maps/android/src/main/mapbox-v11-compat/v11/com/rnmapbox/rnmbx/components/styles/layers/RNMBXRasterParticleLayer.kt:10:53 This API is experimental. It may be changed in the future without notice.
w: file:///home/odin/Dungeon/Personal/xc-mvp/node_modules/@rnmapbox/maps/android/src/main/mapbox-v11-compat/v11/com/rnmapbox/rnmbx/components/styles/layers/RNMBXRasterParticleLayer.kt:10:64 This API is experimental. It may be changed in the future without notice.
w: file:///home/odin/Dungeon/Personal/xc-mvp/node_modules/@rnmapbox/maps/android/src/main/mapbox-v11-compat/v11/com/rnmapbox/rnmbx/components/styles/layers/RNMBXRasterParticleLayer.kt:15:31 This API is experimental. It may be changed in the future without notice.
w: file:///home/odin/Dungeon/Personal/xc-mvp/node_modules/@rnmapbox/maps/android/src/main/mapbox-v11-compat/v11/com/rnmapbox/rnmbx/components/styles/layers/RNMBXRasterParticleLayer.kt:16:22 This API is experimental. It may be changed in the future without notice.
w: file:///home/odin/Dungeon/Personal/xc-mvp/node_modules/@rnmapbox/maps/android/src/main/mapbox-v11-compat/v11/com/rnmapbox/rnmbx/components/styles/layers/RNMBXRasterParticleLayer.kt:17:25 This API is experimental. It may be changed in the future without notice.
w: file:///home/odin/Dungeon/Personal/xc-mvp/node_modules/@rnmapbox/maps/android/src/main/mapbox-v11-compat/v11/com/rnmapbox/rnmbx/components/styles/layers/RNMBXRasterParticleLayer.kt:18:13 This API is experimental. It may be changed in the future without notice.
w: file:///home/odin/Dungeon/Personal/xc-mvp/node_modules/@rnmapbox/maps/android/src/main/mapbox-v11-compat/v11/com/rnmapbox/rnmbx/components/styles/layers/RNMBXRasterParticleLayer.kt:18:20 This API is experimental. It may be changed in the future without notice.
w: file:///home/odin/Dungeon/Personal/xc-mvp/node_modules/@rnmapbox/maps/android/src/main/mapbox-v11-compat/v11/com/rnmapbox/rnmbx/components/styles/layers/RNMBXRasterParticleLayer.kt:20:16 This API is experimental. It may be changed in the future without notice.
w: file:///home/odin/Dungeon/Personal/xc-mvp/node_modules/@rnmapbox/maps/android/src/main/mapbox-v11-compat/v11/com/rnmapbox/rnmbx/components/styles/layers/RNMBXRasterParticleLayer.kt:24:9 This API is experimental. It may be changed in the future without notice.
w: file:///home/odin/Dungeon/Personal/xc-mvp/node_modules/@rnmapbox/maps/android/src/main/mapbox-v11-compat/v11/com/rnmapbox/rnmbx/components/styles/layers/RNMBXRasterParticleLayer.kt:24:17 This API is experimental. It may be changed in the future without notice.
w: file:///home/odin/Dungeon/Personal/xc-mvp/node_modules/@rnmapbox/maps/android/src/main/mapbox-v11-compat/v11/com/rnmapbox/rnmbx/components/styles/layers/RNMBXRasterParticleLayer.kt:25:31 This API is experimental. It may be changed in the future without notice.
w: file:///home/odin/Dungeon/Personal/xc-mvp/node_modules/@rnmapbox/maps/android/src/main/mapbox-v11-compat/v11/com/rnmapbox/rnmbx/components/styles/layers/RNMBXRasterParticleLayer.kt:25:59 This API is experimental. It may be changed in the future without notice.
w: file:///home/odin/Dungeon/Personal/xc-mvp/node_modules/@rnmapbox/maps/android/src/main/mapbox-v11-compat/v11/com/rnmapbox/rnmbx/components/styles/sources/RNMBXRasterArraySource.kt:6:51 This API is experimental. It may be changed in the future without notice.
w: file:///home/odin/Dungeon/Personal/xc-mvp/node_modules/@rnmapbox/maps/android/src/main/mapbox-v11-compat/v11/com/rnmapbox/rnmbx/components/styles/sources/RNMBXRasterArraySource.kt:6:67 This API is experimental. It may be changed in the future without notice.
w: file:///home/odin/Dungeon/Personal/xc-mvp/node_modules/@rnmapbox/maps/android/src/main/mapbox-v11-compat/v11/com/rnmapbox/rnmbx/components/styles/sources/RNMBXRasterArraySource.kt:8:32 This API is experimental. It may be changed in the future without notice.
w: file:///home/odin/Dungeon/Personal/xc-mvp/node_modules/@rnmapbox/maps/android/src/main/mapbox-v11-compat/v11/com/rnmapbox/rnmbx/components/styles/sources/RNMBXRasterArraySource.kt:13:13 This API is experimental. It may be changed in the future without notice.
w: file:///home/odin/Dungeon/Personal/xc-mvp/node_modules/@rnmapbox/maps/android/src/main/mapbox-v11-compat/v11/com/rnmapbox/rnmbx/components/styles/sources/RNMBXRasterArraySource.kt:13:31 This API is experimental. It may be changed in the future without notice.
w: file:///home/odin/Dungeon/Personal/xc-mvp/node_modules/@rnmapbox/maps/android/src/main/mapbox-v11-compat/v11/com/rnmapbox/rnmbx/components/styles/sources/RNMBXRasterArraySource.kt:13:43 This API is experimental. It may be changed in the future without notice.
w: file:///home/odin/Dungeon/Personal/xc-mvp/node_modules/@rnmapbox/maps/android/src/main/mapbox-v11-compat/v11/com/rnmapbox/rnmbx/components/styles/sources/RNMBXRasterArraySource.kt:13:65 This API is experimental. It may be changed in the future without notice.
w: file:///home/odin/Dungeon/Personal/xc-mvp/node_modules/@rnmapbox/maps/android/src/main/mapbox-v11-compat/v11/com/rnmapbox/rnmbx/components/styles/sources/RNMBXRasterArraySource.kt:13:93 This API is experimental. It may be changed in the future without notice.
w: file:///home/odin/Dungeon/Personal/xc-mvp/node_modules/@rnmapbox/maps/android/src/main/mapbox-v11-compat/v11/com/rnmapbox/rnmbx/components/styles/sources/RNMBXRasterArraySource.kt:14:16 This API is experimental. It may be changed in the future without notice.
w: file:///home/odin/Dungeon/Personal/xc-mvp/node_modules/@rnmapbox/maps/android/src/main/mapbox-v11-compat/v11/com/rnmapbox/rnmbx/components/styles/sources/RNMBXRasterArraySource.kt:14:34 This API is experimental. It may be changed in the future without notice.
w: file:///home/odin/Dungeon/Personal/xc-mvp/node_modules/@rnmapbox/maps/android/src/main/mapbox-v11-compat/v11/com/rnmapbox/rnmbx/components/styles/sources/RNMBXRasterArraySource.kt:14:46 This API is experimental. It may be changed in the future without notice.
w: file:///home/odin/Dungeon/Personal/xc-mvp/node_modules/@rnmapbox/maps/android/src/main/mapbox-v11-compat/v11/com/rnmapbox/rnmbx/components/styles/sources/RNMBXRasterArraySource.kt:15:14 This API is experimental. It may be changed in the future without notice.
w: file:///home/odin/Dungeon/Personal/xc-mvp/node_modules/@rnmapbox/maps/android/src/main/mapbox-v11-compat/v11/com/rnmapbox/rnmbx/components/styles/sources/RNMBXRasterArraySource.kt:15:42 This API is experimental. It may be changed in the future without notice.
w: file:///home/odin/Dungeon/Personal/xc-mvp/node_modules/@rnmapbox/maps/android/src/main/mapbox-v11-compat/v11/com/rnmapbox/rnmbx/components/styles/sources/RNMBXRasterArraySource.kt:26:26 The corresponding parameter in the supertype 'RNMBXRasterArraySource' is named 'event'. This may cause problems when calling this function with named arguments.
w: file:///home/odin/Dungeon/Personal/xc-mvp/node_modules/@rnmapbox/maps/android/src/main/mapbox-v11-compat/v11/com/rnmapbox/rnmbx/v11compat/Image.kt:63:17 This is a delicate API and its use requires care. Make sure you fully read and understand documentation of the declaration that is marked as a delicate API.
w: file:///home/odin/Dungeon/Personal/xc-mvp/node_modules/@rnmapbox/maps/android/src/main/mapbox-v11-compat/v11/com/rnmapbox/rnmbx/v11compat/Image.kt:73:16 This is a delicate API and its use requires care. Make sure you fully read and understand documentation of the declaration that is marked as a delicate API.
w: file:///home/odin/Dungeon/Personal/xc-mvp/node_modules/@rnmapbox/maps/android/src/main/mapbox-v11-compat/v11/com/rnmapbox/rnmbx/v11compat/OfflineManager.kt:6:8 'class OfflineRegionManager : Any' is deprecated. Deprecated in Java.
w: file:///home/odin/Dungeon/Personal/xc-mvp/node_modules/@rnmapbox/maps/android/src/main/mapbox-v11-compat/v11/com/rnmapbox/rnmbx/v11compat/OfflineManager.kt:11:60 'class OfflineRegionManager : Any' is deprecated. Deprecated in Java.
w: file:///home/odin/Dungeon/Personal/xc-mvp/node_modules/@rnmapbox/maps/android/src/main/mapbox-v11-compat/v11/com/rnmapbox/rnmbx/v11compat/OfflineManager.kt:12:10 'constructor(): OfflineRegionManager' is deprecated. Deprecated in Java.
w: file:///home/odin/Dungeon/Personal/xc-mvp/node_modules/@rnmapbox/maps/android/src/main/mapbox-v11-compat/v11/com/rnmapbox/rnmbx/v11compat/Snapshot.kt:21:17 This is a delicate API and its use requires care. Make sure you fully read and understand documentation of the declaration that is marked as a delicate API.

> Task :rnmapbox_maps:compileReleaseJavaWithJavac
> Task :rnmapbox_maps:bundleLibRuntimeToJarRelease
> Task :rnmapbox_maps:bundleLibCompileToJarRelease
> Task :rnmapbox_maps:processReleaseJavaRes
> Task :rnmapbox_maps:createFullJarRelease
> Task :rnmapbox_maps:generateReleaseLintModel
> Task :rnmapbox_maps:mergeReleaseGeneratedProguardFiles
> Task :rnmapbox_maps:mergeReleaseConsumerProguardFiles
> Task :rnmapbox_maps:mergeReleaseJavaResource
> Task :rnmapbox_maps:bundleLibRuntimeToDirRelease
> Task :rnmapbox_maps:generateReleaseLintVitalModel
> Task :rnmapbox_maps:extractReleaseAnnotations
> Task :rnmapbox_maps:syncReleaseLibJars
> Task :rnmapbox_maps:bundleReleaseLocalLintAar

> Task :expo-modules-core:compileReleaseKotlin
w: file:///home/odin/Dungeon/Personal/xc-mvp/node_modules/.pnpm/expo-modules-core@57.0.11_react-native-worklets@0.10.1_@babel+core@7.29.7_@react-native_2f380e78b2fce2ff268cfb4be7ffd642/node_modules/expo-modules-core/android/src/main/java/expo/modules/apploader/AppLoaderProvider.kt:34:52 Unchecked cast of 'Class<*>!' to 'Class<out HeadlessAppLoader>'.
w: file:///home/odin/Dungeon/Personal/xc-mvp/node_modules/.pnpm/expo-modules-core@57.0.11_react-native-worklets@0.10.1_@babel+core@7.29.7_@react-native_2f380e78b2fce2ff268cfb4be7ffd642/node_modules/expo-modules-core/android/src/main/java/expo/modules/kotlin/AppContext.kt:14:8 'class UIManagerModule : ReactContextBaseJavaModule, LifecycleEventListener, UIManager' is deprecated. Deprecated in Java.
w: file:///home/odin/Dungeon/Personal/xc-mvp/node_modules/.pnpm/expo-modules-core@57.0.11_react-native-worklets@0.10.1_@babel+core@7.29.7_@react-native_2f380e78b2fce2ff268cfb4be7ffd642/node_modules/expo-modules-core/android/src/main/java/expo/modules/kotlin/AppContext.kt:22:8 'typealias ErrorManagerModule = JSLoggerModule' is deprecated. Use JSLoggerModule instead.
w: file:///home/odin/Dungeon/Personal/xc-mvp/node_modules/.pnpm/expo-modules-core@57.0.11_react-native-worklets@0.10.1_@babel+core@7.29.7_@react-native_2f380e78b2fce2ff268cfb4be7ffd642/node_modules/expo-modules-core/android/src/main/java/expo/modules/kotlin/AppContext.kt:61:13 'val hostingRuntimeContext: MainRuntime' is deprecated. Use AppContext.runtimeContext instead.
w: file:///home/odin/Dungeon/Personal/xc-mvp/node_modules/.pnpm/expo-modules-core@57.0.11_react-native-worklets@0.10.1_@babel+core@7.29.7_@react-native_2f380e78b2fce2ff268cfb4be7ffd642/node_modules/expo-modules-core/android/src/main/java/expo/modules/kotlin/AppContext.kt:271:21 'typealias ErrorManagerModule = JSLoggerModule' is deprecated. Use JSLoggerModule instead.
w: file:///home/odin/Dungeon/Personal/xc-mvp/node_modules/.pnpm/expo-modules-core@57.0.11_react-native-worklets@0.10.1_@babel+core@7.29.7_@react-native_2f380e78b2fce2ff268cfb4be7ffd642/node_modules/expo-modules-core/android/src/main/java/expo/modules/kotlin/AppContext.kt:380:21 'val DEFAULT: Int' is deprecated. UIManagerType.DEFAULT will be deleted in the next release of React Native. Use [LEGACY] instead.
w: file:///home/odin/Dungeon/Personal/xc-mvp/node_modules/.pnpm/expo-modules-core@57.0.11_react-native-worklets@0.10.1_@babel+core@7.29.7_@react-native_2f380e78b2fce2ff268cfb4be7ffd642/node_modules/expo-modules-core/android/src/main/java/expo/modules/kotlin/AppContext.kt:381:10 'class UIManagerModule : ReactContextBaseJavaModule, LifecycleEventListener, UIManager' is deprecated. Deprecated in Java.
w: file:///home/odin/Dungeon/Personal/xc-mvp/node_modules/.pnpm/expo-modules-core@57.0.11_react-native-worklets@0.10.1_@babel+core@7.29.7_@react-native_2f380e78b2fce2ff268cfb4be7ffd642/node_modules/expo-modules-core/android/src/main/java/expo/modules/kotlin/defaultmodules/NativeModulesProxyModule.kt:16:5 'fun Constants(legacyConstantsProvider: () -> Map<String, Any?>): Unit' is deprecated. Use `Constant` or `Property` instead.
w: file:///home/odin/Dungeon/Personal/xc-mvp/node_modules/.pnpm/expo-modules-core@57.0.11_react-native-worklets@0.10.1_@babel+core@7.29.7_@react-native_2f380e78b2fce2ff268cfb4be7ffd642/node_modules/expo-modules-core/android/src/main/java/expo/modules/kotlin/events/KModuleEventEmitterWrapper.kt:99:21 'fun getEventDispatcherForReactTag(context: ReactContext, reactTag: Int): EventDispatcher?' is deprecated. reactTag is no longer needed.
w: file:///home/odin/Dungeon/Personal/xc-mvp/node_modules/.pnpm/expo-modules-core@57.0.11_react-native-worklets@0.10.1_@babel+core@7.29.7_@react-native_2f380e78b2fce2ff268cfb4be7ffd642/node_modules/expo-modules-core/android/src/main/java/expo/modules/kotlin/events/KModuleEventEmitterWrapper.kt:108:21 'fun getEventDispatcherForReactTag(context: ReactContext, reactTag: Int): EventDispatcher?' is deprecated. reactTag is no longer needed.
w: file:///home/odin/Dungeon/Personal/xc-mvp/node_modules/.pnpm/expo-modules-core@57.0.11_react-native-worklets@0.10.1_@babel+core@7.29.7_@react-native_2f380e78b2fce2ff268cfb4be7ffd642/node_modules/expo-modules-core/android/src/main/java/expo/modules/kotlin/views/ViewDefinitionBuilder.kt:470:16 'val errorManager: JSLoggerModule?' is deprecated. Use AppContext.jsLogger instead.
w: file:///home/odin/Dungeon/Personal/xc-mvp/node_modules/.pnpm/expo-modules-core@57.0.11_react-native-worklets@0.10.1_@babel+core@7.29.7_@react-native_2f380e78b2fce2ff268cfb4be7ffd642/node_modules/expo-modules-core/android/src/main/java/expo/modules/kotlin/views/ViewDefinitionBuilder.kt:470:30 'fun reportExceptionToLogBox(codedException: CodedException): Unit' is deprecated. Use appContext.jsLogger.error(...) instead.
w: file:///home/odin/Dungeon/Personal/xc-mvp/node_modules/.pnpm/expo-modules-core@57.0.11_react-native-worklets@0.10.1_@babel+core@7.29.7_@react-native_2f380e78b2fce2ff268cfb4be7ffd642/node_modules/expo-modules-core/android/src/main/java/expo/modules/kotlin/views/ViewManagerDefinition.kt:41:16 'val errorManager: JSLoggerModule?' is deprecated. Use AppContext.jsLogger instead.
w: file:///home/odin/Dungeon/Personal/xc-mvp/node_modules/.pnpm/expo-modules-core@57.0.11_react-native-worklets@0.10.1_@babel+core@7.29.7_@react-native_2f380e78b2fce2ff268cfb4be7ffd642/node_modules/expo-modules-core/android/src/main/java/expo/modules/kotlin/views/ViewManagerDefinition.kt:41:30 'fun reportExceptionToLogBox(codedException: CodedException): Unit' is deprecated. Use appContext.jsLogger.error(...) instead.

> Task :expo-modules-core:compileReleaseJavaWithJavac
Note: Some input files use or override a deprecated API.
Note: Recompile with -Xlint:deprecation for details.

> Task :expo-modules-core:bundleLibCompileToJarRelease
> Task :expo-dev-client:compileReleaseKotlin NO-SOURCE
> Task :expo-dev-menu-interface:compileReleaseKotlin NO-SOURCE
> Task :expo-modules-core:processReleaseJavaRes
> Task :expo-dev-client:compileReleaseJavaWithJavac
> Task :expo-dev-client:bundleLibCompileToJarRelease
> Task :expo-modules-core:bundleLibRuntimeToJarRelease
> Task :expo-dev-client:bundleLibRuntimeToDirRelease
> Task :expo-dev-client:processReleaseJavaRes NO-SOURCE
> Task :expo-dev-client:bundleLibRuntimeToJarRelease
> Task :expo-dev-client:extractReleaseAnnotations
> Task :expo-dev-client:createFullJarRelease
> Task :expo-dev-client:mergeReleaseGeneratedProguardFiles
> Task :expo-dev-client:mergeReleaseConsumerProguardFiles
> Task :expo-modules-core:generateReleaseLintModel
> Task :expo-dev-menu-interface:compileReleaseJavaWithJavac
> Task :expo-dev-menu-interface:bundleLibCompileToJarRelease
> Task :expo-dev-menu-interface:processReleaseJavaRes NO-SOURCE
> Task :expo-dev-client:mergeReleaseJavaResource
> Task :expo-dev-menu-interface:bundleLibRuntimeToJarRelease
> Task :expo-dev-menu-interface:bundleLibRuntimeToDirRelease
> Task :expo-modules-core:createFullJarRelease
> Task :expo-dev-client:syncReleaseLibJars
> Task :expo-dev-menu-interface:createFullJarRelease
> Task :expo-json-utils:compileReleaseKotlin
> Task :expo-modules-core:extractReleaseAnnotations
> Task :expo-modules-core:mergeReleaseGeneratedProguardFiles
> Task :expo-modules-core:mergeReleaseConsumerProguardFiles
> Task :expo-dev-client:generateReleaseLintModel
> Task :expo-dev-client:bundleReleaseLocalLintAar
> Task :expo-modules-core:mergeReleaseJavaResource
> Task :expo-dev-client:generateReleaseLintVitalModel
> Task :expo-dev-menu-interface:generateReleaseLintModel
> Task :expo-dev-menu-interface:extractReleaseAnnotations
> Task :expo-dev-menu-interface:mergeReleaseGeneratedProguardFiles
> Task :expo-dev-menu-interface:mergeReleaseConsumerProguardFiles
> Task :expo-json-utils:compileReleaseJavaWithJavac
> Task :expo-json-utils:bundleLibCompileToJarRelease
> Task :expo-json-utils:bundleLibRuntimeToJarRelease
> Task :expo-dev-menu-interface:mergeReleaseJavaResource
> Task :expo-json-utils:bundleLibRuntimeToDirRelease
> Task :expo-json-utils:processReleaseJavaRes
> Task :expo-json-utils:createFullJarRelease
> Task :expo-dev-menu-interface:generateReleaseLintVitalModel
> Task :expo-json-utils:generateReleaseLintModel
> Task :expo-dev-menu-interface:syncReleaseLibJars
> Task :expo-json-utils:extractReleaseAnnotations
> Task :expo-dev-menu-interface:bundleReleaseLocalLintAar
> Task :expo-json-utils:mergeReleaseGeneratedProguardFiles
> Task :expo-json-utils:mergeReleaseConsumerProguardFiles
> Task :expo-json-utils:mergeReleaseJavaResource

> Task :expo-constants:compileReleaseKotlin
w: file:///home/odin/Dungeon/Personal/xc-mvp/node_modules/.pnpm/expo-constants@57.0.12_expo@57.0.14_react-native@0.86.2_@babel+core@7.29.7_@react-nativ_b60e7d63615aa7d8a204fe0b70aad51a/node_modules/expo-constants/android/src/main/java/expo/modules/constants/ConstantsModule.kt:13:5 'fun Constants(legacyConstantsProvider: () -> Map<String, Any?>): Unit' is deprecated. Use `Constant` or `Property` instead.

> Task :expo-json-utils:generateReleaseLintVitalModel
> Task :expo-json-utils:syncReleaseLibJars
> Task :expo-json-utils:bundleReleaseLocalLintAar
> Task :expo-updates-interface:compileReleaseKotlin
> Task :expo-constants:compileReleaseJavaWithJavac
> Task :expo-constants:bundleLibCompileToJarRelease
> Task :expo-modules-core:bundleLibRuntimeToDirRelease
> Task :expo-constants:bundleLibRuntimeToJarRelease
> Task :expo-constants:processReleaseJavaRes
> Task :expo-constants:bundleLibRuntimeToDirRelease
> Task :expo-constants:createFullJarRelease
> Task :expo-constants:generateReleaseLintModel
> Task :expo-dev-menu:compileReleaseKotlin
> Task :expo-constants:extractReleaseAnnotations
> Task :expo-constants:mergeReleaseGeneratedProguardFiles
> Task :expo-constants:mergeReleaseConsumerProguardFiles
> Task :expo-updates-interface:compileReleaseJavaWithJavac
> Task :expo-constants:mergeReleaseJavaResource
> Task :expo-updates-interface:bundleLibCompileToJarRelease
> Task :expo-constants:generateReleaseLintVitalModel
> Task :expo-updates-interface:bundleLibRuntimeToJarRelease
> Task :expo-updates-interface:bundleLibRuntimeToDirRelease
> Task :expo-constants:syncReleaseLibJars
> Task :expo-updates-interface:processReleaseJavaRes
> Task :expo-constants:bundleReleaseLocalLintAar
> Task :expo-updates-interface:createFullJarRelease
> Task :expo-updates-interface:generateReleaseLintModel

> Task :expo-dev-launcher:compileReleaseKotlin
w: file:///home/odin/Dungeon/Personal/xc-mvp/node_modules/.pnpm/expo-dev-launcher@57.0.13_expo@57.0.14_react-native@0.86.2_@babel+core@7.29.7_@react-na_e6e1940b49ade22c648ccc51a92af8a4/node_modules/expo-dev-launcher/android/src/main/java/expo/modules/devlauncher/DevLauncherPackage.kt:15:16 This declaration overrides a deprecated member but is not marked as deprecated itself. Add the '@Deprecated' annotation or suppress the diagnostic.

> Task :expo-updates-interface:extractReleaseAnnotations
> Task :expo-updates-interface:mergeReleaseGeneratedProguardFiles
> Task :expo-modules-core:syncReleaseLibJars
> Task :expo-updates-interface:mergeReleaseConsumerProguardFiles
> Task :expo-updates-interface:mergeReleaseJavaResource
> Task :expo-dev-menu:compileReleaseJavaWithJavac
> Task :expo-dev-menu:bundleLibCompileToJarRelease
> Task :expo-modules-core:bundleReleaseLocalLintAar
> Task :expo-updates-interface:syncReleaseLibJars
> Task :expo-dev-menu:bundleLibRuntimeToDirRelease
> Task :expo-dev-menu:bundleLibRuntimeToJarRelease
> Task :expo-dev-menu:processReleaseJavaRes
> Task :expo-updates-interface:bundleReleaseLocalLintAar
> Task :expo-dev-menu:createFullJarRelease
> Task :expo-dev-menu:generateReleaseLintModel
> Task :expo-log-box:compileReleaseKotlin

> Task :expo-manifests:compileReleaseKotlin
w: file:///home/odin/Dungeon/Personal/xc-mvp/node_modules/.pnpm/expo-manifests@57.0.1_expo@57.0.14/node_modules/expo-manifests/android/src/main/java/expo/modules/manifests/core/EmbeddedManifest.kt:19:16 This declaration overrides a deprecated member but is not marked as deprecated itself. Add the '@Deprecated' annotation or suppress the diagnostic.
w: file:///home/odin/Dungeon/Personal/xc-mvp/node_modules/.pnpm/expo-manifests@57.0.1_expo@57.0.14/node_modules/expo-manifests/android/src/main/java/expo/modules/manifests/core/EmbeddedManifest.kt:19:86 'fun getLegacyID(): String' is deprecated. Prefer scopeKey or projectId depending on use case.
w: file:///home/odin/Dungeon/Personal/xc-mvp/node_modules/.pnpm/expo-manifests@57.0.1_expo@57.0.14/node_modules/expo-manifests/android/src/main/java/expo/modules/manifests/core/ExpoUpdatesManifest.kt:16:16 This declaration overrides a deprecated member but is not marked as deprecated itself. Add the '@Deprecated' annotation or suppress the diagnostic.
w: file:///home/odin/Dungeon/Personal/xc-mvp/node_modules/.pnpm/expo-manifests@57.0.1_expo@57.0.14/node_modules/expo-manifests/android/src/main/java/expo/modules/manifests/core/Manifest.kt:13:3 Deprecations and opt-ins on a method overridden from 'Any' may not be reported.
w: file:///home/odin/Dungeon/Personal/xc-mvp/node_modules/.pnpm/expo-manifests@57.0.1_expo@57.0.14/node_modules/expo-manifests/android/src/main/java/expo/modules/manifests/core/Manifest.kt:15:12 'fun getRawJson(): JSONObject' is deprecated. Prefer to use specific field getters.

> Task :expo-dev-menu:extractReleaseAnnotations
> Task :expo-dev-menu:mergeReleaseGeneratedProguardFiles
> Task :expo-dev-menu:mergeReleaseConsumerProguardFiles
> Task :expo-dev-menu:mergeReleaseJavaResource
> Task :expo-dev-menu:syncReleaseLibJars
> Task :expo-dev-launcher:compileReleaseJavaWithJavac
> Task :expo-dev-menu:bundleReleaseLocalLintAar
> Task :expo-dev-launcher:bundleLibCompileToJarRelease
> Task :expo-dev-launcher:bundleLibRuntimeToDirRelease
> Task :expo-manifests:compileReleaseJavaWithJavac
> Task :expo-manifests:bundleLibCompileToJarRelease
> Task :expo-dev-launcher:bundleLibRuntimeToJarRelease
> Task :expo-log-box:compileReleaseJavaWithJavac
> Task :expo-manifests:bundleLibRuntimeToDirRelease
> Task :expo-log-box:bundleLibCompileToJarRelease
> Task :expo-log-box:bundleLibRuntimeToDirRelease
> Task :expo-log-box:bundleLibRuntimeToJarRelease
> Task :expo-manifests:bundleLibRuntimeToJarRelease
> Task :expo-dev-launcher:processReleaseJavaRes
> Task :expo-log-box:processReleaseJavaRes
> Task :expo-log-box:createFullJarRelease
> Task :expo-dev-launcher:createFullJarRelease
> Task :expo-manifests:processReleaseJavaRes
> Task :expo-dev-menu:generateReleaseLintVitalModel
> Task :expo-manifests:createFullJarRelease
> Task :expo-manifests:generateReleaseLintModel
> Task :expo-manifests:extractReleaseAnnotations
> Task :expo-manifests:mergeReleaseGeneratedProguardFiles
> Task :expo-manifests:mergeReleaseConsumerProguardFiles
> Task :expo-updates-interface:generateReleaseLintVitalModel
> Task :expo-modules-core:generateReleaseLintVitalModel
> Task :expo-log-box:generateReleaseLintModel
> Task :expo-dev-launcher:generateReleaseLintModel
> Task :expo-manifests:mergeReleaseJavaResource
> Task :expo-log-box:extractReleaseAnnotations
> Task :expo-dev-launcher:extractReleaseAnnotations
> Task :expo-log-box:mergeReleaseGeneratedProguardFiles
> Task :expo-dev-launcher:mergeReleaseGeneratedProguardFiles
> Task :expo-log-box:mergeReleaseConsumerProguardFiles
> Task :expo-dev-launcher:mergeReleaseConsumerProguardFiles
> Task :expo-dev-launcher:mergeReleaseJavaResource
> Task :expo-manifests:generateReleaseLintVitalModel
> Task :expo-log-box:mergeReleaseJavaResource
> Task :expo-dev-launcher:generateReleaseLintVitalModel
> Task :expo-manifests:syncReleaseLibJars
> Task :expo-manifests:bundleReleaseLocalLintAar
> Task :expo-dev-launcher:syncReleaseLibJars
> Task :expo-log-box:generateReleaseLintVitalModel
> Task :expo-dev-launcher:bundleReleaseLocalLintAar
> Task :expo-log-box:syncReleaseLibJars
> Task :expo-log-box:bundleReleaseLocalLintAar
> Task :react-native-reanimated:externalNativeBuildRelease
> Task :react-native-reanimated:prefabReleasePackage
> Task :react-native-reanimated:mergeReleaseNativeLibs
> Task :react-native-reanimated:stripReleaseDebugSymbols
> Task :react-native-reanimated:copyReleaseJniLibsProjectAndLocalJars
> Task :react-native-reanimated:copyReleaseJniLibsProjectOnly
> Task :react-native-gesture-handler:buildCMakeRelWithDebInfo[arm64-v8a]
> Task :react-native-gesture-handler:mergeReleaseNativeLibs
> Task :react-native-gesture-handler:copyReleaseJniLibsProjectOnly
> Task :react-native-gesture-handler:stripReleaseDebugSymbols
> Task :react-native-gesture-handler:copyReleaseJniLibsProjectAndLocalJars

> Task :expo:compileReleaseKotlin
w: file:///home/odin/Dungeon/Personal/xc-mvp/node_modules/.pnpm/expo@57.0.14_@babel+core@7.29.7_@expo+dom-webview@57.0.1_@expo+metro-runtime@57.0.11_ex_683f8e6b1226139650e207cfbe2aa014/node_modules/expo/android/src/main/java/expo/modules/ExpoModulesPackage.kt:34:16 This declaration overrides a deprecated member but is not marked as deprecated itself. Add the '@Deprecated' annotation or suppress the diagnostic.
w: file:///home/odin/Dungeon/Personal/xc-mvp/node_modules/.pnpm/expo@57.0.14_@babel+core@7.29.7_@expo+dom-webview@57.0.1_@expo+metro-runtime@57.0.11_ex_683f8e6b1226139650e207cfbe2aa014/node_modules/expo/android/src/main/java/expo/modules/ReactActivityDelegateWrapper.kt:22:8 'class ReactInstanceManager : Any' is deprecated. Deprecated in Java.
w: file:///home/odin/Dungeon/Personal/xc-mvp/node_modules/.pnpm/expo@57.0.14_@babel+core@7.29.7_@expo+dom-webview@57.0.1_@expo+metro-runtime@57.0.11_ex_683f8e6b1226139650e207cfbe2aa014/node_modules/expo/android/src/main/java/expo/modules/ReactActivityDelegateWrapper.kt:102:16 This declaration overrides a deprecated member but is not marked as deprecated itself. Add the '@Deprecated' annotation or suppress the diagnostic.
w: file:///home/odin/Dungeon/Personal/xc-mvp/node_modules/.pnpm/expo@57.0.14_@babel+core@7.29.7_@expo+dom-webview@57.0.1_@expo+metro-runtime@57.0.11_ex_683f8e6b1226139650e207cfbe2aa014/node_modules/expo/android/src/main/java/expo/modules/ReactActivityDelegateWrapper.kt:102:43 'class ReactInstanceManager : Any' is deprecated. Deprecated in Java.
w: file:///home/odin/Dungeon/Personal/xc-mvp/node_modules/.pnpm/expo@57.0.14_@babel+core@7.29.7_@expo+dom-webview@57.0.1_@expo+metro-runtime@57.0.11_ex_683f8e6b1226139650e207cfbe2aa014/node_modules/expo/android/src/main/java/expo/modules/ReactActivityDelegateWrapper.kt:103:21 'val reactInstanceManager: ReactInstanceManager' is deprecated. Deprecated in Java.
w: file:///home/odin/Dungeon/Personal/xc-mvp/node_modules/.pnpm/expo@57.0.14_@babel+core@7.29.7_@expo+dom-webview@57.0.1_@expo+metro-runtime@57.0.11_ex_683f8e6b1226139650e207cfbe2aa014/node_modules/expo/android/src/main/java/expo/modules/fetch/ExpoFetchModule.kt:33:39 'constructor(reactContext: ReactContext): ForwardingCookieHandler' is deprecated. Use the default constructor.
w: file:///home/odin/Dungeon/Personal/xc-mvp/node_modules/.pnpm/expo@57.0.14_@babel+core@7.29.7_@expo+dom-webview@57.0.1_@expo+metro-runtime@57.0.11_ex_683f8e6b1226139650e207cfbe2aa014/node_modules/expo/android/src/main/java/expo/modules/fetch/NativeResponse.kt:44:16 This declaration overrides a deprecated member but is not marked as deprecated itself. Add the '@Deprecated' annotation or suppress the diagnostic.
w: file:///home/odin/Dungeon/Personal/xc-mvp/node_modules/.pnpm/expo@57.0.14_@babel+core@7.29.7_@expo+dom-webview@57.0.1_@expo+metro-runtime@57.0.11_ex_683f8e6b1226139650e207cfbe2aa014/node_modules/expo/android/src/main/java/expo/modules/fetch/NativeResponse.kt:46:11 'fun deallocate(): Unit' is deprecated. Use sharedObjectDidRelease() instead.

> Task :expo:compileReleaseJavaWithJavac
> Task :expo:bundleLibCompileToJarRelease
> Task :expo:bundleLibRuntimeToJarRelease
> Task :expo:processReleaseJavaRes
> Task :expo:bundleLibRuntimeToDirRelease
> Task :expo:createFullJarRelease

> Task :react-native-reanimated:compileReleaseKotlin
w: file:///home/odin/Dungeon/Personal/xc-mvp/node_modules/.pnpm/react-native-reanimated@4.5.1_react-native-worklets@0.10.1_@babel+core@7.29.7_@react-na_a427ac16b746411ece328358288d2b37/node_modules/react-native-reanimated/android/src/main/java/com/swmansion/reanimated/NodesManager.kt:13:8 'class UIManagerModule : ReactContextBaseJavaModule, LifecycleEventListener, UIManager' is deprecated. Deprecated in Java.
w: file:///home/odin/Dungeon/Personal/xc-mvp/node_modules/.pnpm/react-native-reanimated@4.5.1_react-native-worklets@0.10.1_@babel+core@7.29.7_@react-na_a427ac16b746411ece328358288d2b37/node_modules/react-native-reanimated/android/src/main/java/com/swmansion/reanimated/NodesManager.kt:58:95 'fun resolveCustomDirectEventName(eventName: String): String?' is deprecated.
w: file:///home/odin/Dungeon/Personal/xc-mvp/node_modules/.pnpm/react-native-reanimated@4.5.1_react-native-worklets@0.10.1_@babel+core@7.29.7_@react-na_a427ac16b746411ece328358288d2b37/node_modules/react-native-reanimated/android/src/main/java/com/swmansion/reanimated/NodesManager.kt:234:29 'fun receiveEvent(surfaceId: Int, targetTag: Int, eventName: String, canCoalesceEvent: Boolean, customCoalesceKey: Int, params: WritableMap?, category: Int): Unit' is deprecated. Use the overload with eventTimestamp parameter instead.
w: file:///home/odin/Dungeon/Personal/xc-mvp/node_modules/.pnpm/react-native-reanimated@4.5.1_react-native-worklets@0.10.1_@babel+core@7.29.7_@react-na_a427ac16b746411ece328358288d2b37/node_modules/react-native-reanimated/android/src/main/java/com/swmansion/reanimated/ReanimatedPackage.kt:5:8 'class ReactInstanceManager : Any' is deprecated. Deprecated in Java.
w: file:///home/odin/Dungeon/Personal/xc-mvp/node_modules/.pnpm/react-native-reanimated@4.5.1_react-native-worklets@0.10.1_@babel+core@7.29.7_@react-na_a427ac16b746411ece328358288d2b37/node_modules/react-native-reanimated/android/src/main/java/com/swmansion/reanimated/ReanimatedPackage.kt:60:73 'class ReactInstanceManager : Any' is deprecated. Deprecated in Java.
w: file:///home/odin/Dungeon/Personal/xc-mvp/node_modules/.pnpm/react-native-reanimated@4.5.1_react-native-worklets@0.10.1_@babel+core@7.29.7_@react-na_a427ac16b746411ece328358288d2b37/node_modules/react-native-reanimated/android/src/main/java/com/swmansion/reanimated/ReanimatedPackage.kt:61:63 'val reactNativeHost: ReactNativeHost' is deprecated. You should not use ReactNativeHost directly in the New Architecture. Use ReactHost instead.
w: file:///home/odin/Dungeon/Personal/xc-mvp/node_modules/.pnpm/react-native-reanimated@4.5.1_react-native-worklets@0.10.1_@babel+core@7.29.7_@react-na_a427ac16b746411ece328358288d2b37/node_modules/react-native-reanimated/android/src/main/java/com/swmansion/reanimated/nativeProxy/EventHandler.kt:7:8 'class UIManagerModule : ReactContextBaseJavaModule, LifecycleEventListener, UIManager' is deprecated. Deprecated in Java.
w: file:///home/odin/Dungeon/Personal/xc-mvp/node_modules/.pnpm/react-native-reanimated@4.5.1_react-native-worklets@0.10.1_@babel+core@7.29.7_@react-na_a427ac16b746411ece328358288d2b37/node_modules/react-native-reanimated/android/src/main/java/com/swmansion/reanimated/nativeProxy/EventHandler.kt:25:18 This declaration overrides a deprecated member but is not marked as deprecated itself. Add the '@Deprecated' annotation or suppress the diagnostic.
w: file:///home/odin/Dungeon/Personal/xc-mvp/node_modules/.pnpm/react-native-reanimated@4.5.1_react-native-worklets@0.10.1_@babel+core@7.29.7_@react-na_a427ac16b746411ece328358288d2b37/node_modules/react-native-reanimated/android/src/main/java/com/swmansion/reanimated/nativeProxy/EventHandler.kt:38:18 This declaration overrides a deprecated member but is not marked as deprecated itself. Add the '@Deprecated' annotation or suppress the diagnostic.
w: file:///home/odin/Dungeon/Personal/xc-mvp/node_modules/.pnpm/react-native-reanimated@4.5.1_react-native-worklets@0.10.1_@babel+core@7.29.7_@react-na_a427ac16b746411ece328358288d2b37/node_modules/react-native-reanimated/android/src/main/java/com/swmansion/reanimated/nativeProxy/EventHandler.kt:48:18 This declaration overrides a deprecated member but is not marked as deprecated itself. Add the '@Deprecated' annotation or suppress the diagnostic.
w: file:///home/odin/Dungeon/Personal/xc-mvp/node_modules/.pnpm/react-native-reanimated@4.5.1_react-native-worklets@0.10.1_@babel+core@7.29.7_@react-na_a427ac16b746411ece328358288d2b37/node_modules/react-native-reanimated/android/src/main/java/com/swmansion/reanimated/nativeProxy/EventHandler.kt:57:18 This declaration overrides a deprecated member but is not marked as deprecated itself. Add the '@Deprecated' annotation or suppress the diagnostic.
w: file:///home/odin/Dungeon/Personal/xc-mvp/node_modules/.pnpm/react-native-reanimated@4.5.1_react-native-worklets@0.10.1_@babel+core@7.29.7_@react-na_a427ac16b746411ece328358288d2b37/node_modules/react-native-reanimated/android/src/main/java/com/swmansion/reanimated/nativeProxy/NoopEventHandler.kt:8:18 This declaration overrides a deprecated member but is not marked as deprecated itself. Add the '@Deprecated' annotation or suppress the diagnostic.
w: file:///home/odin/Dungeon/Personal/xc-mvp/node_modules/.pnpm/react-native-reanimated@4.5.1_react-native-worklets@0.10.1_@babel+core@7.29.7_@react-na_a427ac16b746411ece328358288d2b37/node_modules/react-native-reanimated/android/src/main/java/com/swmansion/reanimated/nativeProxy/NoopEventHandler.kt:20:18 This declaration overrides a deprecated member but is not marked as deprecated itself. Add the '@Deprecated' annotation or suppress the diagnostic.
w: file:///home/odin/Dungeon/Personal/xc-mvp/node_modules/.pnpm/react-native-reanimated@4.5.1_react-native-worklets@0.10.1_@babel+core@7.29.7_@react-na_a427ac16b746411ece328358288d2b37/node_modules/react-native-reanimated/android/src/main/java/com/swmansion/reanimated/nativeProxy/NoopEventHandler.kt:29:18 This declaration overrides a deprecated member but is not marked as deprecated itself. Add the '@Deprecated' annotation or suppress the diagnostic.
w: file:///home/odin/Dungeon/Personal/xc-mvp/node_modules/.pnpm/react-native-reanimated@4.5.1_react-native-worklets@0.10.1_@babel+core@7.29.7_@react-na_a427ac16b746411ece328358288d2b37/node_modules/react-native-reanimated/android/src/main/java/com/swmansion/reanimated/nativeProxy/NoopEventHandler.kt:37:18 This declaration overrides a deprecated member but is not marked as deprecated itself. Add the '@Deprecated' annotation or suppress the diagnostic.
w: file:///home/odin/Dungeon/Personal/xc-mvp/node_modules/.pnpm/react-native-reanimated@4.5.1_react-native-worklets@0.10.1_@babel+core@7.29.7_@react-na_a427ac16b746411ece328358288d2b37/node_modules/react-native-reanimated/android/src/main/java/com/swmansion/reanimated/sensor/ReanimatedSensor.kt:28:26 'val defaultDisplay: Display!' is deprecated. Deprecated in Java.

> Task :expo:generateReleaseLintModel
> Task :expo:extractReleaseAnnotations
> Task :expo:mergeReleaseGeneratedProguardFiles
> Task :expo:mergeReleaseConsumerProguardFiles
> Task :expo:mergeReleaseJavaResource
> Task :expo:generateReleaseLintVitalModel
> Task :expo:syncReleaseLibJars
> Task :expo:bundleReleaseLocalLintAar
> Task :react-native-reanimated:compileReleaseJavaWithJavac
> Task :react-native-reanimated:bundleLibCompileToJarRelease
> Task :react-native-reanimated:bundleLibRuntimeToJarRelease
> Task :react-native-reanimated:processReleaseJavaRes
> Task :react-native-reanimated:createFullJarRelease
> Task :react-native-reanimated:bundleLibRuntimeToDirRelease
> Task :react-native-reanimated:generateReleaseLintModel
> Task :react-native-reanimated:extractReleaseAnnotations
> Task :react-native-reanimated:mergeReleaseGeneratedProguardFiles
> Task :react-native-reanimated:mergeReleaseConsumerProguardFiles
> Task :react-native-reanimated:mergeReleaseJavaResource
> Task :react-native-reanimated:generateReleaseLintVitalModel
> Task :react-native-reanimated:syncReleaseLibJars
> Task :react-native-reanimated:bundleReleaseLocalLintAar
> Task :react-native-screens:lintVitalAnalyzeRelease

> Task :react-native-gesture-handler:compileReleaseKotlin
w: file:///home/odin/Dungeon/Personal/xc-mvp/node_modules/.pnpm/react-native-gesture-handler@2.32.0_react-native@0.86.2_@babel+core@7.29.7_@react-nativ_c662bcada1b27c551574c17804ae3eba/node_modules/react-native-gesture-handler/android/src/main/java/com/swmansion/gesturehandler/react/Extensions.kt:8:8 'class UIManagerModule : ReactContextBaseJavaModule, LifecycleEventListener, UIManager' is deprecated. Deprecated in Java.
w: file:///home/odin/Dungeon/Personal/xc-mvp/node_modules/.pnpm/react-native-gesture-handler@2.32.0_react-native@0.86.2_@babel+core@7.29.7_@react-nativ_c662bcada1b27c551574c17804ae3eba/node_modules/react-native-gesture-handler/android/src/main/java/com/swmansion/gesturehandler/react/Extensions.kt:13:29 'class UIManagerModule : ReactContextBaseJavaModule, LifecycleEventListener, UIManager' is deprecated. Deprecated in Java.
w: file:///home/odin/Dungeon/Personal/xc-mvp/node_modules/.pnpm/react-native-gesture-handler@2.32.0_react-native@0.86.2_@babel+core@7.29.7_@react-nativ_c662bcada1b27c551574c17804ae3eba/node_modules/react-native-gesture-handler/android/src/main/java/com/swmansion/gesturehandler/react/Extensions.kt:14:32 'class UIManagerModule : ReactContextBaseJavaModule, LifecycleEventListener, UIManager' is deprecated. Deprecated in Java.

> Task :react-native-gesture-handler:compileReleaseJavaWithJavac
> Task :react-native-gesture-handler:bundleLibCompileToJarRelease
> Task :react-native-gesture-handler:bundleLibRuntimeToJarRelease
> Task :react-native-gesture-handler:processReleaseJavaRes
> Task :react-native-gesture-handler:createFullJarRelease
> Task :react-native-gesture-handler:bundleLibRuntimeToDirRelease
> Task :react-native-gesture-handler:generateReleaseLintModel
> Task :react-native-gesture-handler:extractReleaseAnnotations
> Task :react-native-gesture-handler:mergeReleaseGeneratedProguardFiles
> Task :react-native-gesture-handler:mergeReleaseConsumerProguardFiles
> Task :react-native-gesture-handler:mergeReleaseJavaResource
> Task :react-native-gesture-handler:generateReleaseLintVitalModel
> Task :react-native-gesture-handler:syncReleaseLibJars
> Task :react-native-gesture-handler:bundleReleaseLocalLintAar
> Task :expo:lintVitalAnalyzeRelease
> Task :expo-constants:lintVitalAnalyzeRelease
> Task :expo-dev-client:lintVitalAnalyzeRelease
> Task :expo-dev-launcher:lintVitalAnalyzeRelease
> Task :expo-dev-menu:lintVitalAnalyzeRelease
> Task :expo-dev-menu-interface:lintVitalAnalyzeRelease
> Task :expo-json-utils:lintVitalAnalyzeRelease
> Task :expo-log-box:lintVitalAnalyzeRelease
> Task :expo-manifests:lintVitalAnalyzeRelease
> Task :rnmapbox_maps:lintVitalAnalyzeRelease
> Task :expo-updates-interface:lintVitalAnalyzeRelease
> Task :react-native-reanimated:lintVitalAnalyzeRelease SKIPPED
> Task :expo-modules-core:lintVitalAnalyzeRelease
> Task :react-native-gesture-handler:lintVitalAnalyzeRelease
> Task :app:preBuild
> Task :app:preReleaseBuild
> Task :app:configureCMakeRelWithDebInfo[arm64-v8a]
> Task :app:buildCMakeRelWithDebInfo[arm64-v8a]
> Task :app:mergeReleaseJniLibFolders
> Task :app:generateReleaseBuildConfig
> Task :app:generateReleaseResValues
> Task :app:mapReleaseSourceSetPaths
> Task :app:generateReleaseResources
> Task :app:checkReleaseDuplicateClasses
> Task :app:checkReleaseAarMetadata
> Task :app:mergeReleaseNativeLibs
> Task :app:packageReleaseResources
> Task :app:createReleaseCompatibleScreenManifests
> Task :app:extractDeepLinksRelease

> Task :app:processReleaseMainManifest
/home/odin/Dungeon/Personal/xc-mvp/android/app/src/main/AndroidManifest.xml Warning:
	provider#expo.modules.filesystem.FileSystemFileProvider@android:authorities was tagged at AndroidManifest.xml:0 to replace other declarations but no other declaration present

> Task :app:parseReleaseLocalResources

> Task :app:expoReleaseOverrideMaxSdkConflicts
[33m---------- Expo Max Sdk Override Plugin ----------[0m
[32m>>> No 'android:maxSdkVersion' conflicts found[0m
[33m--------------------------------------------------[0m

> Task :app:processReleaseManifest
> Task :app:javaPreCompileRelease
> Task :app:desugarReleaseFileDependencies
> Task :app:mergeReleaseStartupProfile
> Task :app:mergeReleaseShaders
> Task :app:stripReleaseDebugSymbols
> Task :app:compileReleaseShaders NO-SOURCE
> Task :app:mergeReleaseArtProfile
> Task :app:generateReleaseAssets UP-TO-DATE
> Task :app:mergeReleaseAssets
> Task :app:extractReleaseVersionControlInfo
> Task :app:compressReleaseAssets
> Task :app:extractProguardFiles
> Task :app:extractReleaseNativeSymbolTables
> Task :app:collectReleaseDependencies
> Task :app:sdkReleaseDependencyData
> Task :app:validateSigningRelease
> Task :app:writeReleaseAppMetadata
> Task :app:writeReleaseSigningConfigVersions
> Task :app:processReleaseManifestForPackage
> Task :app:mergeReleaseResources
> Task :app:mergeReleaseNativeDebugMetadata
> Task :app:processReleaseResources
> Task :app:optimizeReleaseResources
> Task :app:compileReleaseKotlin
> Task :app:compileReleaseJavaWithJavac
> Task :app:dexBuilderRelease
> Task :app:mergeReleaseGlobalSynthetics
> Task :app:generateReleaseLintVitalReportModel
> Task :app:processReleaseJavaRes
> Task :app:lintVitalAnalyzeRelease
> Task :app:lintVitalReportRelease
> Task :app:lintVitalRelease
> Task :app:mergeReleaseJavaResource
> Task :app:mergeExtDexRelease
> Task :app:mergeDexRelease
> Task :app:compileReleaseArtProfile
> Task :app:packageRelease
> Task :app:createReleaseApkListingFileRedirect
> Task :app:assembleRelease

[Incubating] Problems report is available at: file:///home/odin/Dungeon/Personal/xc-mvp/android/build/reports/problems/problems-report.html

Deprecated Gradle features were used in this build, making it incompatible with Gradle 10.

You can use '--warning-mode all' to show the individual deprecation warnings and determine if they come from your own scripts or plugins.

For more on this, please refer to https://docs.gradle.org/9.3.1/userguide/command_line_interface.html#sec:command_line_warnings in the Gradle documentation.

BUILD SUCCESSFUL in 3m 6s
871 actionable tasks: 839 executed, 32 up-to-date
